{
  "main": {
    "pt": {
      "identity": {
        "version": {
          "_number": "$Revision: 12879 $",
          "_cldrVersion": "30.0.3"
        },
        "language": "pt"
      },
      "dates": {
        "fields": {
          "era": {
            "displayName": "era"
          },
          "year": {
            "displayName": "ano",
            "relative-type--1": "ano passado",
            "relative-type-0": "este ano",
            "relative-type-1": "próximo ano",
            "relativeTime-type-future": {
              "relativeTimePattern-count-one": "em {0} ano",
              "relativeTimePattern-count-other": "em {0} anos"
            },
            "relativeTime-type-past": {
              "relativeTimePattern-count-one": "há {0} ano",
              "relativeTimePattern-count-other": "há {0} anos"
            }
          },
          "year-short": {
            "displayName": "ano",
            "relative-type--1": "ano passado",
            "relative-type-0": "este ano",
            "relative-type-1": "próximo ano",
            "relativeTime-type-future": {
              "relativeTimePattern-count-one": "em {0} ano",
              "relativeTimePattern-count-other": "em {0} anos"
            },
            "relativeTime-type-past": {
              "relativeTimePattern-count-one": "há {0} ano",
              "relativeTimePattern-count-other": "há {0} anos"
            }
          },
          "year-narrow": {
            "displayName": "ano",
            "relative-type--1": "ano passado",
            "relative-type-0": "este ano",
            "relative-type-1": "próximo ano",
            "relativeTime-type-future": {
              "relativeTimePattern-count-one": "+{0} ano",
              "relativeTimePattern-count-other": "+{0} anos"
            },
            "relativeTime-type-past": {
              "relativeTimePattern-count-one": "-{0} ano",
              "relativeTimePattern-count-other": "-{0} anos"
            }
          },
          "quarter": {
            "displayName": "trimestre",
            "relative-type--1": "último trimestre",
            "relative-type-0": "este trimestre",
            "relative-type-1": "próximo trimestre",
            "relativeTime-type-future": {
              "relativeTimePattern-count-one": "em {0} trimestre",
              "relativeTimePattern-count-other": "em {0} trimestres"
            },
            "relativeTime-type-past": {
              "relativeTimePattern-count-one": "há {0} trimestre",
              "relativeTimePattern-count-other": "há {0} trimestres"
            }
          },
          "quarter-short": {
            "displayName": "trim.",
            "relative-type--1": "último trimestre",
            "relative-type-0": "este trimestre",
            "relative-type-1": "próximo trimestre",
            "relativeTime-type-future": {
              "relativeTimePattern-count-one": "em {0} trim.",
              "relativeTimePattern-count-other": "em {0} trims."
            },
            "relativeTime-type-past": {
              "relativeTimePattern-count-one": "há {0} trim.",
              "relativeTimePattern-count-other": "há {0} trims."
            }
          },
          "quarter-narrow": {
            "displayName": "trim.",
            "relative-type--1": "último trimestre",
            "relative-type-0": "este trimestre",
            "relative-type-1": "próximo trimestre",
            "relativeTime-type-future": {
              "relativeTimePattern-count-one": "+{0} trim.",
              "relativeTimePattern-count-other": "+{0} trims."
            },
            "relativeTime-type-past": {
              "relativeTimePattern-count-one": "-{0} trim.",
              "relativeTimePattern-count-other": "-{0} trims."
            }
          },
          "month": {
            "displayName": "mês",
            "relative-type--1": "mês passado",
            "relative-type-0": "este mês",
            "relative-type-1": "próximo mês",
            "relativeTime-type-future": {
              "relativeTimePattern-count-one": "em {0} mês",
              "relativeTimePattern-count-other": "em {0} meses"
            },
            "relativeTime-type-past": {
              "relativeTimePattern-count-one": "há {0} mês",
              "relativeTimePattern-count-other": "há {0} meses"
            }
          },
          "month-short": {
            "displayName": "mês",
            "relative-type--1": "mês passado",
            "relative-type-0": "este mês",
            "relative-type-1": "próximo mês",
            "relativeTime-type-future": {
              "relativeTimePattern-count-one": "em {0} mês",
              "relativeTimePattern-count-other": "em {0} meses"
            },
            "relativeTime-type-past": {
              "relativeTimePattern-count-one": "há {0} mês",
              "relativeTimePattern-count-other": "há {0} meses"
            }
          },
          "month-narrow": {
            "displayName": "mês",
            "relative-type--1": "mês passado",
            "relative-type-0": "este mês",
            "relative-type-1": "próximo mês",
            "relativeTime-type-future": {
              "relativeTimePattern-count-one": "+{0} mês",
              "relativeTimePattern-count-other": "+{0} meses"
            },
            "relativeTime-type-past": {
              "relativeTimePattern-count-one": "-{0} mês",
              "relativeTimePattern-count-other": "-{0} meses"
            }
          },
          "week": {
            "displayName": "semana",
            "relative-type--1": "semana passada",
            "relative-type-0": "esta semana",
            "relative-type-1": "próxima semana",
            "relativeTime-type-future": {
              "relativeTimePattern-count-one": "em {0} semana",
              "relativeTimePattern-count-other": "em {0} semanas"
            },
            "relativeTime-type-past": {
              "relativeTimePattern-count-one": "há {0} semana",
              "relativeTimePattern-count-other": "há {0} semanas"
            },
            "relativePeriod": "a semana de {0}"
          },
          "week-short": {
            "displayName": "sem.",
            "relative-type--1": "semana passada",
            "relative-type-0": "esta semana",
            "relative-type-1": "próxima semana",
            "relativeTime-type-future": {
              "relativeTimePattern-count-one": "em {0} sem.",
              "relativeTimePattern-count-other": "em {0} sem."
            },
            "relativeTime-type-past": {
              "relativeTimePattern-count-one": "há {0} sem.",
              "relativeTimePattern-count-other": "há {0} sem."
            },
            "relativePeriod": "a semana de {0}"
          },
          "week-narrow": {
            "displayName": "sem.",
            "relative-type--1": "semana passada",
            "relative-type-0": "esta semana",
            "relative-type-1": "próxima semana",
            "relativeTime-type-future": {
              "relativeTimePattern-count-one": "+{0} sem.",
              "relativeTimePattern-count-other": "+{0} sem."
            },
            "relativeTime-type-past": {
              "relativeTimePattern-count-one": "-{0} sem.",
              "relativeTimePattern-count-other": "-{0} sem."
            },
            "relativePeriod": "a semana de {0}"
          },
          "day": {
            "displayName": "dia",
            "relative-type--2": "anteontem",
            "relative-type--1": "ontem",
            "relative-type-0": "hoje",
            "relative-type-1": "amanhã",
            "relative-type-2": "depois de amanhã",
            "relativeTime-type-future": {
              "relativeTimePattern-count-one": "em {0} dia",
              "relativeTimePattern-count-other": "em {0} dias"
            },
            "relativeTime-type-past": {
              "relativeTimePattern-count-one": "há {0} dia",
              "relativeTimePattern-count-other": "há {0} dias"
            }
          },
          "day-short": {
            "displayName": "dia",
            "relative-type--2": "anteontem",
            "relative-type--1": "ontem",
            "relative-type-0": "hoje",
            "relative-type-1": "amanhã",
            "relative-type-2": "depois de amanhã",
            "relativeTime-type-future": {
              "relativeTimePattern-count-one": "em {0} dia",
              "relativeTimePattern-count-other": "em {0} dias"
            },
            "relativeTime-type-past": {
              "relativeTimePattern-count-one": "há {0} dia",
              "relativeTimePattern-count-other": "há {0} dias"
            }
          },
          "day-narrow": {
            "displayName": "dia",
            "relative-type--2": "anteontem",
            "relative-type--1": "ontem",
            "relative-type-0": "hoje",
            "relative-type-1": "amanhã",
            "relative-type-2": "depois de amanhã",
            "relativeTime-type-future": {
              "relativeTimePattern-count-one": "+{0} dia",
              "relativeTimePattern-count-other": "+{0} dias"
            },
            "relativeTime-type-past": {
              "relativeTimePattern-count-one": "-{0} dia",
              "relativeTimePattern-count-other": "-{0} dias"
            }
          },
          "weekday": {
            "displayName": "dia da semana"
          },
          "sun": {
            "relative-type--1": "domingo passado",
            "relative-type-0": "este domingo",
            "relative-type-1": "próximo domingo",
            "relativeTime-type-future": {
              "relativeTimePattern-count-one": "em {0} domingo",
              "relativeTimePattern-count-other": "em {0} domingos"
            },
            "relativeTime-type-past": {
              "relativeTimePattern-count-one": "há {0} domingo",
              "relativeTimePattern-count-other": "há {0} domingos"
            }
          },
          "sun-short": {
            "relative-type--1": "dom. passado",
            "relative-type-0": "este dom.",
            "relative-type-1": "próximo dom.",
            "relativeTime-type-future": {
              "relativeTimePattern-count-one": "em {0} domingos",
              "relativeTimePattern-count-other": "em {0} domingos"
            },
            "relativeTime-type-past": {
              "relativeTimePattern-count-one": "há {0} domingos",
              "relativeTimePattern-count-other": "há {0} domingos"
            }
          },
          "sun-narrow": {
            "relative-type--1": "dom. passado",
            "relative-type-0": "este dom.",
            "relative-type-1": "próximo dom.",
            "relativeTime-type-future": {
              "relativeTimePattern-count-one": "em {0} domingos",
              "relativeTimePattern-count-other": "em {0} domingos"
            },
            "relativeTime-type-past": {
              "relativeTimePattern-count-one": "há {0} domingos",
              "relativeTimePattern-count-other": "há {0} domingos"
            }
          },
          "mon": {
            "relative-type--1": "segunda-feira passada",
            "relative-type-0": "esta segunda-feira",
            "relative-type-1": "próxima segunda-feira",
            "relativeTime-type-future": {
              "relativeTimePattern-count-one": "em {0} segunda-feira",
              "relativeTimePattern-count-other": "em {0} segundas-feiras"
            },
            "relativeTime-type-past": {
              "relativeTimePattern-count-one": "há {0} segunda-feira",
              "relativeTimePattern-count-other": "há {0} segundas-feiras"
            }
          },
          "mon-short": {
            "relative-type--1": "seg. passada",
            "relative-type-0": "esta seg.",
            "relative-type-1": "próxima seg.",
            "relativeTime-type-future": {
              "relativeTimePattern-count-one": "em {0} segundas-feiras",
              "relativeTimePattern-count-other": "em {0} segundas-feiras"
            },
            "relativeTime-type-past": {
              "relativeTimePattern-count-one": "há {0} segundas-feiras",
              "relativeTimePattern-count-other": "há {0} segundas-feiras"
            }
          },
          "mon-narrow": {
            "relative-type--1": "seg. passada",
            "relative-type-0": "esta seg.",
            "relative-type-1": "próxima seg.",
            "relativeTime-type-future": {
              "relativeTimePattern-count-one": "em {0} segundas-feiras",
              "relativeTimePattern-count-other": "em {0} segundas-feiras"
            },
            "relativeTime-type-past": {
              "relativeTimePattern-count-one": "há {0} segundas-feiras",
              "relativeTimePattern-count-other": "há {0} segundas-feiras"
            }
          },
          "tue": {
            "relative-type--1": "terça-feira passada",
            "relative-type-0": "esta terça-feira",
            "relative-type-1": "próxima terça-feira",
            "relativeTime-type-future": {
              "relativeTimePattern-count-one": "em {0} terça-feira",
              "relativeTimePattern-count-other": "em {0} terças-feiras"
            },
            "relativeTime-type-past": {
              "relativeTimePattern-count-one": "há {0} terça-feira",
              "relativeTimePattern-count-other": "há {0} terças-feiras"
            }
          },
          "tue-short": {
            "relative-type--1": "ter. passada",
            "relative-type-0": "esta ter.",
            "relative-type-1": "próxima ter.",
            "relativeTime-type-future": {
              "relativeTimePattern-count-one": "em {0} terças-feiras",
              "relativeTimePattern-count-other": "em {0} terças-feiras"
            },
            "relativeTime-type-past": {
              "relativeTimePattern-count-one": "há {0} terças-feiras",
              "relativeTimePattern-count-other": "há {0} terças-feiras"
            }
          },
          "tue-narrow": {
            "relative-type--1": "ter. passada",
            "relative-type-0": "esta ter.",
            "relative-type-1": "próxima ter.",
            "relativeTime-type-future": {
              "relativeTimePattern-count-one": "em {0} terças-feiras",
              "relativeTimePattern-count-other": "em {0} terças-feiras"
            },
            "relativeTime-type-past": {
              "relativeTimePattern-count-one": "há {0} terças-feiras",
              "relativeTimePattern-count-other": "há {0} terças-feiras"
            }
          },
          "wed": {
            "relative-type--1": "quarta-feira passada",
            "relative-type-0": "esta quarta-feira",
            "relative-type-1": "próxima quarta-feira",
            "relativeTime-type-future": {
              "relativeTimePattern-count-one": "em {0} quartas-feiras",
              "relativeTimePattern-count-other": "em {0} quartas-feiras"
            },
            "relativeTime-type-past": {
              "relativeTimePattern-count-one": "há {0} quartas-feiras",
              "relativeTimePattern-count-other": "há {0} quartas-feiras"
            }
          },
          "wed-short": {
            "relative-type--1": "qua. passada",
            "relative-type-0": "esta qua.",
            "relative-type-1": "próxima qua.",
            "relativeTime-type-future": {
              "relativeTimePattern-count-one": "em {0} quartas-feiras",
              "relativeTimePattern-count-other": "em {0} quartas-feiras"
            },
            "relativeTime-type-past": {
              "relativeTimePattern-count-one": "há {0} quartas-feiras",
              "relativeTimePattern-count-other": "há {0} quartas-feiras"
            }
          },
          "wed-narrow": {
            "relative-type--1": "qua. passada",
            "relative-type-0": "esta qua.",
            "relative-type-1": "próxima qua.",
            "relativeTime-type-future": {
              "relativeTimePattern-count-one": "em {0} quartas-feiras",
              "relativeTimePattern-count-other": "em {0} quartas-feiras"
            },
            "relativeTime-type-past": {
              "relativeTimePattern-count-one": "há {0} quartas-feiras",
              "relativeTimePattern-count-other": "há {0} quartas-feiras"
            }
          },
          "thu": {
            "relative-type--1": "quinta-feira passada",
            "relative-type-0": "esta quinta-feira",
            "relative-type-1": "próxima quinta-feira",
            "relativeTime-type-future": {
              "relativeTimePattern-count-one": "em {0} quintas-feiras",
              "relativeTimePattern-count-other": "em {0} quintas-feiras"
            },
            "relativeTime-type-past": {
              "relativeTimePattern-count-one": "há {0} quintas-feiras",
              "relativeTimePattern-count-other": "há {0} quintas-feiras"
            }
          },
          "thu-short": {
            "relative-type--1": "qui. passada",
            "relative-type-0": "esta qui.",
            "relative-type-1": "próx. qui",
            "relativeTime-type-future": {
              "relativeTimePattern-count-one": "em {0} quintas-feiras",
              "relativeTimePattern-count-other": "em {0} quintas-feiras"
            },
            "relativeTime-type-past": {
              "relativeTimePattern-count-one": "há {0} quintas-feiras",
              "relativeTimePattern-count-other": "há {0} quintas-feiras"
            }
          },
          "thu-narrow": {
            "relative-type--1": "qui. passada",
            "relative-type-0": "esta qui.",
            "relative-type-1": "próx. qui",
            "relativeTime-type-future": {
              "relativeTimePattern-count-one": "em {0} quintas-feiras",
              "relativeTimePattern-count-other": "em {0} quintas-feiras"
            },
            "relativeTime-type-past": {
              "relativeTimePattern-count-one": "há {0} quintas-feiras",
              "relativeTimePattern-count-other": "há {0} quintas-feiras"
            }
          },
          "fri": {
            "relative-type--1": "sexta-feira passada",
            "relative-type-0": "esta sexta-feira",
            "relative-type-1": "próxima sexta-feira",
            "relativeTime-type-future": {
              "relativeTimePattern-count-one": "em {0} sextas-feiras",
              "relativeTimePattern-count-other": "em {0} sextas-feiras"
            },
            "relativeTime-type-past": {
              "relativeTimePattern-count-one": "há {0} sextas-feiras",
              "relativeTimePattern-count-other": "há {0} sextas-feiras"
            }
          },
          "fri-short": {
            "relative-type--1": "sex. passada",
            "relative-type-0": "esta sex.",
            "relative-type-1": "próxima sex.",
            "relativeTime-type-future": {
              "relativeTimePattern-count-one": "em {0} sextas-feiras",
              "relativeTimePattern-count-other": "em {0} sextas-feiras"
            },
            "relativeTime-type-past": {
              "relativeTimePattern-count-one": "há {0} sextas-feiras",
              "relativeTimePattern-count-other": "há {0} sextas-feiras"
            }
          },
          "fri-narrow": {
            "relative-type--1": "sex. passada",
            "relative-type-0": "esta sex.",
            "relative-type-1": "próxima sex.",
            "relativeTime-type-future": {
              "relativeTimePattern-count-one": "em {0} sextas-feiras",
              "relativeTimePattern-count-other": "em {0} sextas-feiras"
            },
            "relativeTime-type-past": {
              "relativeTimePattern-count-one": "há {0} sextas-feiras",
              "relativeTimePattern-count-other": "há {0} sextas-feiras"
            }
          },
          "sat": {
            "relative-type--1": "sábado passado",
            "relative-type-0": "este sábado",
            "relative-type-1": "próximo sábado",
            "relativeTime-type-future": {
              "relativeTimePattern-count-one": "em {0} sábado",
              "relativeTimePattern-count-other": "em {0} sábados"
            },
            "relativeTime-type-past": {
              "relativeTimePattern-count-one": "há {0} sábado",
              "relativeTimePattern-count-other": "há {0} sábados"
            }
          },
          "sat-short": {
            "relative-type--1": "sáb. passado",
            "relative-type-0": "este sáb.",
            "relative-type-1": "próximo sáb.",
            "relativeTime-type-future": {
              "relativeTimePattern-count-one": "em {0} sábados",
              "relativeTimePattern-count-other": "em {0} sábados"
            },
            "relativeTime-type-past": {
              "relativeTimePattern-count-one": "há {0} sábados",
              "relativeTimePattern-count-other": "há {0} sábados"
            }
          },
          "sat-narrow": {
            "relative-type--1": "sáb. passado",
            "relative-type-0": "este sáb.",
            "relative-type-1": "próximo sáb.",
            "relativeTime-type-future": {
              "relativeTimePattern-count-one": "em {0} sábados",
              "relativeTimePattern-count-other": "em {0} sábados"
            },
            "relativeTime-type-past": {
              "relativeTimePattern-count-one": "há {0} sábados",
              "relativeTimePattern-count-other": "há {0} sábados"
            }
          },
          "dayperiod": {
            "displayName": "AM/PM"
          },
          "hour": {
            "displayName": "hora",
            "relative-type-0": "esta hora",
            "relativeTime-type-future": {
              "relativeTimePattern-count-one": "em {0} hora",
              "relativeTimePattern-count-other": "em {0} horas"
            },
            "relativeTime-type-past": {
              "relativeTimePattern-count-one": "há {0} hora",
              "relativeTimePattern-count-other": "há {0} horas"
            }
          },
          "hour-short": {
            "displayName": "h",
            "relative-type-0": "esta hora",
            "relativeTime-type-future": {
              "relativeTimePattern-count-one": "em {0} h",
              "relativeTimePattern-count-other": "em {0} h"
            },
            "relativeTime-type-past": {
              "relativeTimePattern-count-one": "há {0} h",
              "relativeTimePattern-count-other": "há {0} h"
            }
          },
          "hour-narrow": {
            "displayName": "h",
            "relative-type-0": "esta hora",
            "relativeTime-type-future": {
              "relativeTimePattern-count-one": "+{0} h",
              "relativeTimePattern-count-other": "+{0} h"
            },
            "relativeTime-type-past": {
              "relativeTimePattern-count-one": "-{0} h",
              "relativeTimePattern-count-other": "-{0} h"
            }
          },
          "minute": {
            "displayName": "minuto",
            "relative-type-0": "este minuto",
            "relativeTime-type-future": {
              "relativeTimePattern-count-one": "em {0} minuto",
              "relativeTimePattern-count-other": "em {0} minutos"
            },
            "relativeTime-type-past": {
              "relativeTimePattern-count-one": "há {0} minuto",
              "relativeTimePattern-count-other": "há {0} minutos"
            }
          },
          "minute-short": {
            "displayName": "min.",
            "relative-type-0": "este minuto",
            "relativeTime-type-future": {
              "relativeTimePattern-count-one": "em {0} min.",
              "relativeTimePattern-count-other": "em {0} mins."
            },
            "relativeTime-type-past": {
              "relativeTimePattern-count-one": "há {0} min.",
              "relativeTimePattern-count-other": "há {0} mins."
            }
          },
          "minute-narrow": {
            "displayName": "m",
            "relative-type-0": "este minuto",
            "relativeTime-type-future": {
              "relativeTimePattern-count-one": "+{0} m",
              "relativeTimePattern-count-other": "+{0} m"
            },
            "relativeTime-type-past": {
              "relativeTimePattern-count-one": "-{0} m",
              "relativeTimePattern-count-other": "-{0} m"
            }
          },
          "second": {
            "displayName": "segundo",
            "relative-type-0": "agora",
            "relativeTime-type-future": {
              "relativeTimePattern-count-one": "em {0} segundo",
              "relativeTimePattern-count-other": "em {0} segundos"
            },
            "relativeTime-type-past": {
              "relativeTimePattern-count-one": "há {0} segundo",
              "relativeTimePattern-count-other": "há {0} segundos"
            }
          },
          "second-short": {
            "displayName": "seg.",
            "relative-type-0": "agora",
            "relativeTime-type-future": {
              "relativeTimePattern-count-one": "em {0} seg.",
              "relativeTimePattern-count-other": "em {0} segs."
            },
            "relativeTime-type-past": {
              "relativeTimePattern-count-one": "há {0} seg.",
              "relativeTimePattern-count-other": "há {0} seg."
            }
          },
          "second-narrow": {
            "displayName": "s",
            "relative-type-0": "agora",
            "relativeTime-type-future": {
              "relativeTimePattern-count-one": "+{0} s",
              "relativeTimePattern-count-other": "+{0} s"
            },
            "relativeTime-type-past": {
              "relativeTimePattern-count-one": "-{0} s",
              "relativeTimePattern-count-other": "-{0} s"
            }
          },
          "zone": {
            "displayName": "fuso horário"
          }
        }
      }
    }
  }
}
