{
  "main": {
    "pt": {
      "identity": {
        "version": {
          "_number": "$Revision: 12879 $",
          "_cldrVersion": "30.0.3"
        },
        "language": "pt"
      },
      "localeDisplayNames": {
        "scripts": {
          "Adlm": "Adlm",
          "Aghb": "Aghb",
          "Ahom": "Ahom",
          "Arab": "árabe",
          "Arab-alt-variant": "perso-árabe",
          "Armi": "armi",
          "Armn": "armênio",
          "Avst": "avéstico",
          "Bali": "balinês",
          "Bamu": "bamum",
          "Bass": "Bass",
          "Batk": "bataque",
          "Beng": "bengali",
          "Bhks": "Bhks",
          "Blis": "símbolos bliss",
          "Bopo": "bopomofo",
          "Brah": "brahmi",
          "Brai": "braille",
          "Bugi": "buginês",
          "Buhd": "buhid",
          "Cakm": "cakm",
          "Cans": "escrita silábica unificada dos aborígenes canadenses",
          "Cari": "cariano",
          "Cham": "cham",
          "Cher": "cherokee",
          "Cirt": "cirth",
          "Copt": "cóptico",
          "Cprt": "cipriota",
          "Cyrl": "cirílico",
          "Cyrs": "cirílico eslavo eclesiástico",
          "Deva": "devanágari",
          "Dsrt": "deseret",
          "Dupl": "Dupl",
          "Egyd": "demótico egípcio",
          "Egyh": "hierático egípcio",
          "Egyp": "hieróglifos egípcios",
          "Elba": "Elba",
          "Ethi": "etiópico",
          "Geok": "khutsuri georgiano",
          "Geor": "georgiano",
          "Glag": "glagolítico",
          "Goth": "gótico",
          "Gran": "Gran",
          "Grek": "grego",
          "Gujr": "gujerati",
          "Guru": "gurmuqui",
          "Hanb": "hanb",
          "Hang": "hangul",
          "Hani": "han",
          "Hano": "hanunoo",
          "Hans": "simplificado",
          "Hans-alt-stand-alone": "han simplificado",
          "Hant": "tradicional",
          "Hant-alt-stand-alone": "han tradicional",
          "Hatr": "Hatr",
          "Hebr": "hebraico",
          "Hira": "hiragana",
          "Hluw": "Hluw",
          "Hmng": "pahawh hmong",
          "Hrkt": "silabários japoneses",
          "Hung": "húngaro antigo",
          "Inds": "indo",
          "Ital": "itálico antigo",
          "Jamo": "jamo",
          "Java": "javanês",
          "Jpan": "japonês",
          "Kali": "kayah li",
          "Kana": "katakana",
          "Khar": "kharoshthi",
          "Khmr": "khmer",
          "Khoj": "Khoj",
          "Knda": "kannada",
          "Kore": "coreano",
          "Kthi": "kthi",
          "Lana": "lanna",
          "Laoo": "lao",
          "Latf": "latim fraktur",
          "Latg": "latim gaélico",
          "Latn": "latim",
          "Lepc": "lepcha",
          "Limb": "limbu",
          "Lina": "linear A",
          "Linb": "linear B",
          "Lisu": "lisu",
          "Lyci": "lício",
          "Lydi": "lídio",
          "Mahj": "Mahj",
          "Mand": "mandaico",
          "Mani": "maniqueano",
          "Marc": "Marc",
          "Maya": "hieróglifos maias",
          "Mend": "Mend",
          "Merc": "meroítico cursivo",
          "Mero": "meroítico",
          "Mlym": "malaiala",
          "Modi": "Modi",
          "Mong": "mongol",
          "Moon": "moon",
          "Mroo": "Mroo",
          "Mtei": "meitei mayek",
          "Mult": "Mult",
          "Mymr": "birmanês",
          "Narb": "Narb",
          "Nbat": "Nbat",
          "Newa": "Newa",
          "Nkoo": "n’ko",
          "Ogam": "ogâmico",
          "Olck": "ol chiki",
          "Orkh": "orkhon",
          "Orya": "oriya",
          "Osge": "Osge",
          "Osma": "osmania",
          "Palm": "Palm",
          "Pauc": "Pauc",
          "Perm": "pérmico antigo",
          "Phag": "phags-pa",
          "Phli": "phli",
          "Phlp": "phlp",
          "Phlv": "pahlavi antigo",
          "Phnx": "fenício",
          "Plrd": "fonético pollard",
          "Prti": "prti",
          "Rjng": "rejang",
          "Roro": "rongorongo",
          "Runr": "rúnico",
          "Samr": "samaritano",
          "Sara": "sarati",
          "Sarb": "Sarb",
          "Saur": "saurashtra",
          "Sgnw": "signwriting",
          "Shaw": "shaviano",
          "Shrd": "Shrd",
          "Sidd": "Sidd",
          "Sind": "Sind",
          "Sinh": "cingalês",
          "Sora": "Sora",
          "Sund": "sundanês",
          "Sylo": "syloti nagri",
          "Syrc": "siríaco",
          "Syre": "siríaco estrangelo",
          "Syrj": "siríaco ocidental",
          "Syrn": "siríaco oriental",
          "Tagb": "tagbanwa",
          "Takr": "Takr",
          "Tale": "tai Le",
          "Talu": "novo tai lue",
          "Taml": "tâmil",
          "Tang": "Tang",
          "Tavt": "tavt",
          "Telu": "télugo",
          "Teng": "tengwar",
          "Tfng": "tifinagh",
          "Tglg": "tagalo",
          "Thaa": "thaana",
          "Thai": "tailandês",
          "Tibt": "tibetano",
          "Tirh": "Tirh",
          "Ugar": "ugarítico",
          "Vaii": "vai",
          "Visp": "visible speech",
          "Wara": "Wara",
          "Xpeo": "persa antigo",
          "Xsux": "sumério-acadiano cuneiforme",
          "Yiii": "yi",
          "Zinh": "herdado",
          "Zmth": "notação matemática",
          "Zsye": "Emoji",
          "Zsym": "zsym",
          "Zxxx": "ágrafo",
          "Zyyy": "comum",
          "Zzzz": "escrita desconhecida"
        }
      }
    }
  }
}
