{
  "main": {
    "pt": {
      "identity": {
        "version": {
          "_number": "$Revision: 12879 $",
          "_cldrVersion": "30.0.3"
        },
        "language": "pt"
      },
      "units": {
        "long": {
          "per": {
            "compoundUnitPattern": "{0} por {1}"
          },
          "acceleration-g-force": {
            "displayName": "força g",
            "unitPattern-count-one": "{0} força g",
            "unitPattern-count-other": "{0} força g"
          },
          "acceleration-meter-per-second-squared": {
            "displayName": "metros por segundo ao quadrado",
            "unitPattern-count-one": "{0} metro por segundo ao quadrado",
            "unitPattern-count-other": "{0} metros por segundo ao quadrado"
          },
          "angle-revolution": {
            "displayName": "revolução",
            "unitPattern-count-one": "{0} revolução",
            "unitPattern-count-other": "{0} revoluções"
          },
          "angle-radian": {
            "displayName": "radianos",
            "unitPattern-count-one": "{0} radiano",
            "unitPattern-count-other": "{0} radianos"
          },
          "angle-degree": {
            "displayName": "graus",
            "unitPattern-count-one": "{0} grau",
            "unitPattern-count-other": "{0} graus"
          },
          "angle-arc-minute": {
            "displayName": "minutos de arco",
            "unitPattern-count-one": "{0} minuto de arco",
            "unitPattern-count-other": "{0} minutos de arco"
          },
          "angle-arc-second": {
            "displayName": "segundos de arco",
            "unitPattern-count-one": "{0} segundo de arco",
            "unitPattern-count-other": "{0} segundos de arco"
          },
          "area-square-kilometer": {
            "displayName": "quilômetros quadrados",
            "unitPattern-count-one": "{0} quilômetro quadrado",
            "unitPattern-count-other": "{0} quilômetros quadrados",
            "perUnitPattern": "{0} por quilômetro quadrado"
          },
          "area-hectare": {
            "displayName": "hectares",
            "unitPattern-count-one": "{0} hectare",
            "unitPattern-count-other": "{0} hectares"
          },
          "area-square-meter": {
            "displayName": "metros quadrados",
            "unitPattern-count-one": "{0} metro quadrado",
            "unitPattern-count-other": "{0} metros quadrados",
            "perUnitPattern": "{0} por metro quadrado"
          },
          "area-square-centimeter": {
            "displayName": "centímetros quadrados",
            "unitPattern-count-one": "{0} centímetro quadrado",
            "unitPattern-count-other": "{0} centímetros quadrados",
            "perUnitPattern": "{0} por centímetro quadrado"
          },
          "area-square-mile": {
            "displayName": "milhas quadradas",
            "unitPattern-count-one": "{0} milha quadrada",
            "unitPattern-count-other": "{0} milhas quadradas",
            "perUnitPattern": "{0} por milha quadrada"
          },
          "area-acre": {
            "displayName": "acres",
            "unitPattern-count-one": "{0} acre",
            "unitPattern-count-other": "{0} acres"
          },
          "area-square-yard": {
            "displayName": "jardas quadradas",
            "unitPattern-count-one": "{0} jarda quadrada",
            "unitPattern-count-other": "{0} jardas quadradas"
          },
          "area-square-foot": {
            "displayName": "pés quadrados",
            "unitPattern-count-one": "{0} pé quadrado",
            "unitPattern-count-other": "{0} pés quadrados"
          },
          "area-square-inch": {
            "displayName": "polegadas quadradas",
            "unitPattern-count-one": "{0} polegada quadrada",
            "unitPattern-count-other": "{0} polegadas quadradas",
            "perUnitPattern": "{0} por polegada quadrada"
          },
          "concentr-karat": {
            "displayName": "kilates",
            "unitPattern-count-one": "{0} kilate",
            "unitPattern-count-other": "{0} kilates"
          },
          "concentr-milligram-per-deciliter": {
            "displayName": "miligramas por decilitro",
            "unitPattern-count-one": "{0} miligrama por decilitro",
            "unitPattern-count-other": "{0} miligramas por decilitro"
          },
          "concentr-millimole-per-liter": {
            "displayName": "milimols por litro",
            "unitPattern-count-one": "{0} milimol por litro",
            "unitPattern-count-other": "{0} milimols por litro"
          },
          "concentr-part-per-million": {
            "displayName": "partes por milhão",
            "unitPattern-count-one": "{0} parte por milhão",
            "unitPattern-count-other": "{0} partes por milhão"
          },
          "consumption-liter-per-kilometer": {
            "displayName": "litros por quilômetro",
            "unitPattern-count-one": "{0} litro por quilômetro",
            "unitPattern-count-other": "{0} litros por quilômetro"
          },
          "consumption-liter-per-100kilometers": {
            "displayName": "litros por 100 quilômetros",
            "unitPattern-count-one": "{0} litro por 100 quilômetros",
            "unitPattern-count-other": "{0} litros por 100 quilômetros"
          },
          "consumption-mile-per-gallon": {
            "displayName": "milhas por galão",
            "unitPattern-count-one": "{0} milha por galão",
            "unitPattern-count-other": "{0} milhas por galão"
          },
          "consumption-mile-per-gallon-imperial": {
            "displayName": "milhas por galão imperial",
            "unitPattern-count-one": "{0} milha por galão imperial",
            "unitPattern-count-other": "{0} milhas por galão imperial"
          },
          "digital-terabyte": {
            "displayName": "terabytes",
            "unitPattern-count-one": "{0} terabyte",
            "unitPattern-count-other": "{0} terabytes"
          },
          "digital-terabit": {
            "displayName": "terabits",
            "unitPattern-count-one": "{0} terabit",
            "unitPattern-count-other": "{0} terabits"
          },
          "digital-gigabyte": {
            "displayName": "gigabytes",
            "unitPattern-count-one": "{0} gigabyte",
            "unitPattern-count-other": "{0} gigabytes"
          },
          "digital-gigabit": {
            "displayName": "gigabits",
            "unitPattern-count-one": "{0} gigabit",
            "unitPattern-count-other": "{0} gigabits"
          },
          "digital-megabyte": {
            "displayName": "megabytes",
            "unitPattern-count-one": "{0} megabyte",
            "unitPattern-count-other": "{0} megabytes"
          },
          "digital-megabit": {
            "displayName": "megabits",
            "unitPattern-count-one": "{0} megabit",
            "unitPattern-count-other": "{0} megabits"
          },
          "digital-kilobyte": {
            "displayName": "kilobytes",
            "unitPattern-count-one": "{0} kilobyte",
            "unitPattern-count-other": "{0} kilobytes"
          },
          "digital-kilobit": {
            "displayName": "kilobits",
            "unitPattern-count-one": "{0} kilobit",
            "unitPattern-count-other": "{0} kilobits"
          },
          "digital-byte": {
            "displayName": "bytes",
            "unitPattern-count-one": "{0} byte",
            "unitPattern-count-other": "{0} bytes"
          },
          "digital-bit": {
            "displayName": "bits",
            "unitPattern-count-one": "{0} bit",
            "unitPattern-count-other": "{0} bits"
          },
          "duration-century": {
            "displayName": "séculos",
            "unitPattern-count-one": "{0} século",
            "unitPattern-count-other": "{0} sécs."
          },
          "duration-year": {
            "displayName": "anos",
            "unitPattern-count-one": "{0} ano",
            "unitPattern-count-other": "{0} anos",
            "perUnitPattern": "{0} por ano"
          },
          "duration-month": {
            "displayName": "meses",
            "unitPattern-count-one": "{0} mês",
            "unitPattern-count-other": "{0} meses",
            "perUnitPattern": "{0} por mês"
          },
          "duration-week": {
            "displayName": "semanas",
            "unitPattern-count-one": "{0} semana",
            "unitPattern-count-other": "{0} semanas",
            "perUnitPattern": "{0} por semana"
          },
          "duration-day": {
            "displayName": "dias",
            "unitPattern-count-one": "{0} dia",
            "unitPattern-count-other": "{0} dias",
            "perUnitPattern": "{0} por dia"
          },
          "duration-hour": {
            "displayName": "horas",
            "unitPattern-count-one": "{0} hora",
            "unitPattern-count-other": "{0} horas",
            "perUnitPattern": "{0} por hora"
          },
          "duration-minute": {
            "displayName": "minutos",
            "unitPattern-count-one": "{0} minuto",
            "unitPattern-count-other": "{0} minutos",
            "perUnitPattern": "{0} por minuto"
          },
          "duration-second": {
            "displayName": "segundos",
            "unitPattern-count-one": "{0} segundo",
            "unitPattern-count-other": "{0} segundos",
            "perUnitPattern": "{0} por segundo"
          },
          "duration-millisecond": {
            "displayName": "milissegundos",
            "unitPattern-count-one": "{0} milissegundo",
            "unitPattern-count-other": "{0} milissegundos"
          },
          "duration-microsecond": {
            "displayName": "microssegundos",
            "unitPattern-count-one": "{0} microssegundo",
            "unitPattern-count-other": "{0} microssegundos"
          },
          "duration-nanosecond": {
            "displayName": "nanossegundos",
            "unitPattern-count-one": "{0} nanossegundo",
            "unitPattern-count-other": "{0} nanossegundos"
          },
          "electric-ampere": {
            "displayName": "amperes",
            "unitPattern-count-one": "{0} ampere",
            "unitPattern-count-other": "{0} amperes"
          },
          "electric-milliampere": {
            "displayName": "miliamperes",
            "unitPattern-count-one": "{0} miliampere",
            "unitPattern-count-other": "{0} miliamperes"
          },
          "electric-ohm": {
            "displayName": "ohms",
            "unitPattern-count-one": "{0} ohm",
            "unitPattern-count-other": "{0} ohms"
          },
          "electric-volt": {
            "displayName": "volts",
            "unitPattern-count-one": "{0} volt",
            "unitPattern-count-other": "{0} volts"
          },
          "energy-kilocalorie": {
            "displayName": "quilocalorias",
            "unitPattern-count-one": "{0} quilocaloria",
            "unitPattern-count-other": "{0} quilocalorias"
          },
          "energy-calorie": {
            "displayName": "calorias",
            "unitPattern-count-one": "{0} caloria",
            "unitPattern-count-other": "{0} calorias"
          },
          "energy-foodcalorie": {
            "displayName": "Calorias",
            "unitPattern-count-one": "{0} Caloria",
            "unitPattern-count-other": "{0} Calorias"
          },
          "energy-kilojoule": {
            "displayName": "quilojoules",
            "unitPattern-count-one": "{0} quilojoule",
            "unitPattern-count-other": "{0} quilojoules"
          },
          "energy-joule": {
            "displayName": "joules",
            "unitPattern-count-one": "{0} joule",
            "unitPattern-count-other": "{0} joules"
          },
          "energy-kilowatt-hour": {
            "displayName": "quilowatts-hora",
            "unitPattern-count-one": "{0} quilowatt-hora",
            "unitPattern-count-other": "{0} quilowatts-hora"
          },
          "frequency-gigahertz": {
            "displayName": "gigahertz",
            "unitPattern-count-one": "{0} gigahertz",
            "unitPattern-count-other": "{0} gigahertz"
          },
          "frequency-megahertz": {
            "displayName": "megahertz",
            "unitPattern-count-one": "{0} megahertz",
            "unitPattern-count-other": "{0} megahertz"
          },
          "frequency-kilohertz": {
            "displayName": "kilohertz",
            "unitPattern-count-one": "{0} kilohertz",
            "unitPattern-count-other": "{0} kilohertz"
          },
          "frequency-hertz": {
            "displayName": "hertz",
            "unitPattern-count-one": "{0} hertz",
            "unitPattern-count-other": "{0} hertz"
          },
          "length-kilometer": {
            "displayName": "quilômetros",
            "unitPattern-count-one": "{0} quilômetro",
            "unitPattern-count-other": "{0} quilômetros",
            "perUnitPattern": "{0} por quilômetro"
          },
          "length-meter": {
            "displayName": "metros",
            "unitPattern-count-one": "{0} metro",
            "unitPattern-count-other": "{0} metros",
            "perUnitPattern": "{0} por metro"
          },
          "length-decimeter": {
            "displayName": "decímetros",
            "unitPattern-count-one": "{0} decímetro",
            "unitPattern-count-other": "{0} decímetros"
          },
          "length-centimeter": {
            "displayName": "centímetros",
            "unitPattern-count-one": "{0} centímetro",
            "unitPattern-count-other": "{0} centímetros",
            "perUnitPattern": "{0} por centímetro"
          },
          "length-millimeter": {
            "displayName": "milímetros",
            "unitPattern-count-one": "{0} milímetro",
            "unitPattern-count-other": "{0} milímetros"
          },
          "length-micrometer": {
            "displayName": "micrômetros",
            "unitPattern-count-one": "{0} micrômetro",
            "unitPattern-count-other": "{0} micrômetros"
          },
          "length-nanometer": {
            "displayName": "nanômetros",
            "unitPattern-count-one": "{0} nanômetro",
            "unitPattern-count-other": "{0} nanômetros"
          },
          "length-picometer": {
            "displayName": "picômetros",
            "unitPattern-count-one": "{0} picômetro",
            "unitPattern-count-other": "{0} picômetros"
          },
          "length-mile": {
            "displayName": "milhas",
            "unitPattern-count-one": "{0} milha",
            "unitPattern-count-other": "{0} milhas"
          },
          "length-yard": {
            "displayName": "jardas",
            "unitPattern-count-one": "{0} jarda",
            "unitPattern-count-other": "{0} jardas"
          },
          "length-foot": {
            "displayName": "pés",
            "unitPattern-count-one": "{0} pé",
            "unitPattern-count-other": "{0} pés",
            "perUnitPattern": "{0} por pé"
          },
          "length-inch": {
            "displayName": "polegadas",
            "unitPattern-count-one": "{0} polegada",
            "unitPattern-count-other": "{0} polegadas",
            "perUnitPattern": "{0} por polegada"
          },
          "length-parsec": {
            "displayName": "parsecs",
            "unitPattern-count-one": "{0} parsec",
            "unitPattern-count-other": "{0} parsecs"
          },
          "length-light-year": {
            "displayName": "anos-luz",
            "unitPattern-count-one": "{0} ano-luz",
            "unitPattern-count-other": "{0} anos-luz"
          },
          "length-astronomical-unit": {
            "displayName": "unidades astronômicas",
            "unitPattern-count-one": "{0} unidade astronômica",
            "unitPattern-count-other": "{0} unidades astronômicas"
          },
          "length-furlong": {
            "displayName": "fur",
            "unitPattern-count-other": "{0} fur"
          },
          "length-fathom": {
            "displayName": "fm",
            "unitPattern-count-other": "{0} fm"
          },
          "length-nautical-mile": {
            "displayName": "milhas náuticas",
            "unitPattern-count-one": "{0} milha náutica",
            "unitPattern-count-other": "{0} milhas náuticas"
          },
          "length-mile-scandinavian": {
            "displayName": "milhas escandinavas",
            "unitPattern-count-one": "{0} milha escandinava",
            "unitPattern-count-other": "{0} milhas escandinavas"
          },
          "light-lux": {
            "displayName": "lux",
            "unitPattern-count-one": "{0} lux",
            "unitPattern-count-other": "{0} lux"
          },
          "mass-metric-ton": {
            "displayName": "toneladas métricas",
            "unitPattern-count-one": "{0} tonelada métrica",
            "unitPattern-count-other": "{0} toneladas métricas"
          },
          "mass-kilogram": {
            "displayName": "quilogramas",
            "unitPattern-count-one": "{0} quilograma",
            "unitPattern-count-other": "{0} quilogramas",
            "perUnitPattern": "{0} por quilograma"
          },
          "mass-gram": {
            "displayName": "gramas",
            "unitPattern-count-one": "{0} grama",
            "unitPattern-count-other": "{0} gramas",
            "perUnitPattern": "{0} por grama"
          },
          "mass-milligram": {
            "displayName": "miligramas",
            "unitPattern-count-one": "{0} miligrama",
            "unitPattern-count-other": "{0} miligramas"
          },
          "mass-microgram": {
            "displayName": "microgramas",
            "unitPattern-count-one": "{0} micrograma",
            "unitPattern-count-other": "{0} microgramas"
          },
          "mass-ton": {
            "displayName": "toneladas",
            "unitPattern-count-one": "{0} tonelada",
            "unitPattern-count-other": "{0} toneladas"
          },
          "mass-stone": {
            "displayName": "st",
            "unitPattern-count-other": "{0} st"
          },
          "mass-pound": {
            "displayName": "libras",
            "unitPattern-count-one": "{0} libra",
            "unitPattern-count-other": "{0} libras",
            "perUnitPattern": "{0} por libra"
          },
          "mass-ounce": {
            "displayName": "onças",
            "unitPattern-count-one": "{0} onça",
            "unitPattern-count-other": "{0} onças",
            "perUnitPattern": "{0} por onça"
          },
          "mass-ounce-troy": {
            "displayName": "onças troy",
            "unitPattern-count-one": "{0} onça troy",
            "unitPattern-count-other": "{0} onças troy"
          },
          "mass-carat": {
            "displayName": "quilates",
            "unitPattern-count-one": "{0} quilate",
            "unitPattern-count-other": "{0} quilates"
          },
          "power-gigawatt": {
            "displayName": "gigawatts",
            "unitPattern-count-one": "{0} gigawatt",
            "unitPattern-count-other": "{0} gigawatts"
          },
          "power-megawatt": {
            "displayName": "megawatts",
            "unitPattern-count-one": "{0} megawatt",
            "unitPattern-count-other": "{0} megawatts"
          },
          "power-kilowatt": {
            "displayName": "quilowatts",
            "unitPattern-count-one": "{0} quilowatt",
            "unitPattern-count-other": "{0} quilowatts"
          },
          "power-watt": {
            "displayName": "watts",
            "unitPattern-count-one": "{0} watt",
            "unitPattern-count-other": "{0} watts"
          },
          "power-milliwatt": {
            "displayName": "miliwatts",
            "unitPattern-count-one": "{0} miliwatt",
            "unitPattern-count-other": "{0} miliwatts"
          },
          "power-horsepower": {
            "displayName": "cavalos-vapor",
            "unitPattern-count-one": "{0} cavalo-vapor",
            "unitPattern-count-other": "{0} cavalos-vapor"
          },
          "pressure-hectopascal": {
            "displayName": "hectopascais",
            "unitPattern-count-one": "{0} hectopascal",
            "unitPattern-count-other": "{0} hectopascais"
          },
          "pressure-millimeter-of-mercury": {
            "displayName": "milímetros de mercúrio",
            "unitPattern-count-one": "{0} milímetro de mercúrio",
            "unitPattern-count-other": "{0} milímetros de mercúrio"
          },
          "pressure-pound-per-square-inch": {
            "displayName": "psi",
            "unitPattern-count-one": "{0} psi",
            "unitPattern-count-other": "{0} psi"
          },
          "pressure-inch-hg": {
            "displayName": "polegadas de mercúrio",
            "unitPattern-count-one": "{0} polegada de mercúrio",
            "unitPattern-count-other": "{0} polegadas de mercúrio"
          },
          "pressure-millibar": {
            "displayName": "milibares",
            "unitPattern-count-one": "{0} milibar",
            "unitPattern-count-other": "{0} milibares"
          },
          "speed-kilometer-per-hour": {
            "displayName": "quilômetros por hora",
            "unitPattern-count-one": "{0} quilômetro por hora",
            "unitPattern-count-other": "{0} quilômetros por hora"
          },
          "speed-meter-per-second": {
            "displayName": "metros por segundo",
            "unitPattern-count-one": "{0} metro por segundo",
            "unitPattern-count-other": "{0} metros por segundo"
          },
          "speed-mile-per-hour": {
            "displayName": "milhas por hora",
            "unitPattern-count-one": "{0} milha por hora",
            "unitPattern-count-other": "{0} milhas por hora"
          },
          "speed-knot": {
            "displayName": "nó",
            "unitPattern-count-one": "{0} nó",
            "unitPattern-count-other": "{0} nós"
          },
          "temperature-generic": {
            "displayName": "°",
            "unitPattern-count-one": "{0}°",
            "unitPattern-count-other": "{0}°"
          },
          "temperature-celsius": {
            "displayName": "graus Celsius",
            "unitPattern-count-one": "{0} grau Celsius",
            "unitPattern-count-other": "{0} graus Celsius"
          },
          "temperature-fahrenheit": {
            "displayName": "graus Fahrenheit",
            "unitPattern-count-one": "{0} grau Fahrenheit",
            "unitPattern-count-other": "{0} graus Fahrenheit"
          },
          "temperature-kelvin": {
            "displayName": "kelvins",
            "unitPattern-count-one": "{0} kelvin",
            "unitPattern-count-other": "{0} kelvins"
          },
          "volume-cubic-kilometer": {
            "displayName": "quilômetros cúbicos",
            "unitPattern-count-one": "{0} quilômetro cúbico",
            "unitPattern-count-other": "{0} quilômetros cúbicos"
          },
          "volume-cubic-meter": {
            "displayName": "metros cúbicos",
            "unitPattern-count-one": "{0} metro cúbico",
            "unitPattern-count-other": "{0} metros cúbicos",
            "perUnitPattern": "{0} por metro cúbico"
          },
          "volume-cubic-centimeter": {
            "displayName": "centímetros cúbicos",
            "unitPattern-count-one": "{0} centímetro cúbico",
            "unitPattern-count-other": "{0} centímetros cúbicos",
            "perUnitPattern": "{0} por centímetro cúbico"
          },
          "volume-cubic-mile": {
            "displayName": "milhas cúbicas",
            "unitPattern-count-one": "{0} milha cúbica",
            "unitPattern-count-other": "{0} milhas cúbicas"
          },
          "volume-cubic-yard": {
            "displayName": "jardas cúbicas",
            "unitPattern-count-one": "{0} jarda cúbica",
            "unitPattern-count-other": "{0} jardas cúbicas"
          },
          "volume-cubic-foot": {
            "displayName": "pés cúbicos",
            "unitPattern-count-one": "{0} pé cúbico",
            "unitPattern-count-other": "{0} pés cúbicos"
          },
          "volume-cubic-inch": {
            "displayName": "polegadas cúbicas",
            "unitPattern-count-one": "{0} polegada cúbica",
            "unitPattern-count-other": "{0} polegadas cúbicas"
          },
          "volume-megaliter": {
            "displayName": "megalitros",
            "unitPattern-count-one": "{0} megalitro",
            "unitPattern-count-other": "{0} megalitros"
          },
          "volume-hectoliter": {
            "displayName": "hectolitros",
            "unitPattern-count-one": "{0} hectolitro",
            "unitPattern-count-other": "{0} hectolitros"
          },
          "volume-liter": {
            "displayName": "litros",
            "unitPattern-count-one": "{0} litro",
            "unitPattern-count-other": "{0} litros",
            "perUnitPattern": "{0} por litro"
          },
          "volume-deciliter": {
            "displayName": "decilitros",
            "unitPattern-count-one": "{0} decilitro",
            "unitPattern-count-other": "{0} decilitros"
          },
          "volume-centiliter": {
            "displayName": "centilitros",
            "unitPattern-count-one": "{0} centilitro",
            "unitPattern-count-other": "{0} centilitros"
          },
          "volume-milliliter": {
            "displayName": "mililitros",
            "unitPattern-count-one": "{0} mililitro",
            "unitPattern-count-other": "{0} mililitros"
          },
          "volume-pint-metric": {
            "displayName": "pints métricos",
            "unitPattern-count-one": "{0} pint métrico",
            "unitPattern-count-other": "{0} pints métricos"
          },
          "volume-cup-metric": {
            "displayName": "xícaras métricas",
            "unitPattern-count-one": "{0} xícara métrica",
            "unitPattern-count-other": "{0} xícaras métricas"
          },
          "volume-acre-foot": {
            "displayName": "acre-pés",
            "unitPattern-count-one": "{0} acre-pé",
            "unitPattern-count-other": "{0} acre-pés"
          },
          "volume-bushel": {
            "displayName": "bu",
            "unitPattern-count-other": "{0} bu"
          },
          "volume-gallon": {
            "displayName": "galões",
            "unitPattern-count-one": "{0} galão",
            "unitPattern-count-other": "{0} galões",
            "perUnitPattern": "{0} por galão"
          },
          "volume-gallon-imperial": {
            "displayName": "galões imperiais",
            "unitPattern-count-one": "{0} galão imperial",
            "unitPattern-count-other": "{0} galões imperiais",
            "perUnitPattern": "{0} por galão imperial"
          },
          "volume-quart": {
            "displayName": "quartos",
            "unitPattern-count-one": "{0} quarto",
            "unitPattern-count-other": "{0} quartos"
          },
          "volume-pint": {
            "displayName": "pints",
            "unitPattern-count-one": "{0} pint",
            "unitPattern-count-other": "{0} pints"
          },
          "volume-cup": {
            "displayName": "xícaras",
            "unitPattern-count-one": "{0} xícara",
            "unitPattern-count-other": "{0} xícaras"
          },
          "volume-fluid-ounce": {
            "displayName": "onças fluidas",
            "unitPattern-count-one": "{0} onça fluida",
            "unitPattern-count-other": "{0} onças fluidas"
          },
          "volume-tablespoon": {
            "displayName": "colheres de sopa",
            "unitPattern-count-one": "{0} colher de sopa",
            "unitPattern-count-other": "{0} colheres de sopa"
          },
          "volume-teaspoon": {
            "displayName": "colheres de chá",
            "unitPattern-count-one": "{0} colher de chá",
            "unitPattern-count-other": "{0} colheres de chá"
          },
          "coordinateUnit": {
            "east": "{0}E",
            "north": "{0}N",
            "south": "{0}S",
            "west": "{0}O"
          }
        },
        "short": {
          "per": {
            "compoundUnitPattern": "{0}/{1}"
          },
          "acceleration-g-force": {
            "displayName": "força g",
            "unitPattern-count-one": "{0} G",
            "unitPattern-count-other": "{0} G"
          },
          "acceleration-meter-per-second-squared": {
            "displayName": "metros/seg²",
            "unitPattern-count-one": "{0} m/s²",
            "unitPattern-count-other": "{0} m/s²"
          },
          "angle-revolution": {
            "displayName": "rev",
            "unitPattern-count-one": "{0} rev",
            "unitPattern-count-other": "{0} rev"
          },
          "angle-radian": {
            "displayName": "radianos",
            "unitPattern-count-one": "{0} rad",
            "unitPattern-count-other": "{0} rad"
          },
          "angle-degree": {
            "displayName": "graus",
            "unitPattern-count-one": "{0}°",
            "unitPattern-count-other": "{0}°"
          },
          "angle-arc-minute": {
            "displayName": "arcmins",
            "unitPattern-count-one": "{0} arcmin",
            "unitPattern-count-other": "{0} arcmins"
          },
          "angle-arc-second": {
            "displayName": "arcsegs",
            "unitPattern-count-one": "{0} arcseg",
            "unitPattern-count-other": "{0} arcsegs"
          },
          "area-square-kilometer": {
            "displayName": "km²",
            "unitPattern-count-one": "{0} km²",
            "unitPattern-count-other": "{0} km²",
            "perUnitPattern": "{0}/km²"
          },
          "area-hectare": {
            "displayName": "hectares",
            "unitPattern-count-one": "{0} ha",
            "unitPattern-count-other": "{0} ha"
          },
          "area-square-meter": {
            "displayName": "metros²",
            "unitPattern-count-one": "{0} m²",
            "unitPattern-count-other": "{0} m²",
            "perUnitPattern": "{0} por m²"
          },
          "area-square-centimeter": {
            "displayName": "cm²",
            "unitPattern-count-one": "{0} cm²",
            "unitPattern-count-other": "{0} cm²",
            "perUnitPattern": "{0} por cm²"
          },
          "area-square-mile": {
            "displayName": "milhas²",
            "unitPattern-count-one": "{0} mi²",
            "unitPattern-count-other": "{0} mi²",
            "perUnitPattern": "{0}/mi²"
          },
          "area-acre": {
            "displayName": "acres",
            "unitPattern-count-one": "{0} ac",
            "unitPattern-count-other": "{0} ac"
          },
          "area-square-yard": {
            "displayName": "jardas²",
            "unitPattern-count-one": "{0} yd²",
            "unitPattern-count-other": "{0} yd²"
          },
          "area-square-foot": {
            "displayName": "pés²",
            "unitPattern-count-one": "{0} ft²",
            "unitPattern-count-other": "{0} ft²"
          },
          "area-square-inch": {
            "displayName": "polegadas²",
            "unitPattern-count-one": "{0} pol²",
            "unitPattern-count-other": "{0} pol²",
            "perUnitPattern": "{0} por pol²"
          },
          "concentr-karat": {
            "displayName": "kilates",
            "unitPattern-count-one": "{0} k",
            "unitPattern-count-other": "{0} k"
          },
          "concentr-milligram-per-deciliter": {
            "displayName": "mg/dl",
            "unitPattern-count-one": "{0} mg/dl",
            "unitPattern-count-other": "{0} mg/dl"
          },
          "concentr-millimole-per-liter": {
            "displayName": "milimol/litro",
            "unitPattern-count-one": "{0} mmol/l",
            "unitPattern-count-other": "{0} mmol/l"
          },
          "concentr-part-per-million": {
            "displayName": "partes/milhão",
            "unitPattern-count-one": "{0} ppm",
            "unitPattern-count-other": "{0} ppm"
          },
          "consumption-liter-per-kilometer": {
            "displayName": "litros/km",
            "unitPattern-count-one": "{0} l/km",
            "unitPattern-count-other": "{0} l/km"
          },
          "consumption-liter-per-100kilometers": {
            "displayName": "l/100 km",
            "unitPattern-count-one": "{0} l/100 km",
            "unitPattern-count-other": "{0} l/100 km"
          },
          "consumption-mile-per-gallon": {
            "displayName": "milhas/gal",
            "unitPattern-count-one": "{0} mpg",
            "unitPattern-count-other": "{0} mpg"
          },
          "consumption-mile-per-gallon-imperial": {
            "displayName": "milhas/gal. imp.",
            "unitPattern-count-one": "{0} mpg imp.",
            "unitPattern-count-other": "{0} mpg imp."
          },
          "digital-terabyte": {
            "displayName": "TByte",
            "unitPattern-count-one": "{0} TB",
            "unitPattern-count-other": "{0} TB"
          },
          "digital-terabit": {
            "displayName": "Tbit",
            "unitPattern-count-one": "{0} Tb",
            "unitPattern-count-other": "{0} Tb"
          },
          "digital-gigabyte": {
            "displayName": "GByte",
            "unitPattern-count-one": "{0} GB",
            "unitPattern-count-other": "{0} GB"
          },
          "digital-gigabit": {
            "displayName": "Gbit",
            "unitPattern-count-one": "{0} Gb",
            "unitPattern-count-other": "{0} Gb"
          },
          "digital-megabyte": {
            "displayName": "MByte",
            "unitPattern-count-one": "{0} MB",
            "unitPattern-count-other": "{0} MB"
          },
          "digital-megabit": {
            "displayName": "Mbit",
            "unitPattern-count-one": "{0} Mb",
            "unitPattern-count-other": "{0} Mb"
          },
          "digital-kilobyte": {
            "displayName": "kByte",
            "unitPattern-count-one": "{0} kB",
            "unitPattern-count-other": "{0} kB"
          },
          "digital-kilobit": {
            "displayName": "kbit",
            "unitPattern-count-one": "{0} kb",
            "unitPattern-count-other": "{0} kb"
          },
          "digital-byte": {
            "displayName": "byte",
            "unitPattern-count-one": "{0} byte",
            "unitPattern-count-other": "{0} byte"
          },
          "digital-bit": {
            "displayName": "bit",
            "unitPattern-count-one": "{0} bit",
            "unitPattern-count-other": "{0} bit"
          },
          "duration-century": {
            "displayName": "séc.",
            "unitPattern-count-one": "{0} séc.",
            "unitPattern-count-other": "{0} sécs."
          },
          "duration-year": {
            "displayName": "anos",
            "unitPattern-count-one": "{0} ano",
            "unitPattern-count-other": "{0} anos",
            "perUnitPattern": "{0}/ano"
          },
          "duration-month": {
            "displayName": "meses",
            "unitPattern-count-one": "{0} mês",
            "unitPattern-count-other": "{0} meses",
            "perUnitPattern": "{0}/mês"
          },
          "duration-week": {
            "displayName": "semanas",
            "unitPattern-count-one": "{0} sem.",
            "unitPattern-count-other": "{0} sem.",
            "perUnitPattern": "{0}/sem."
          },
          "duration-day": {
            "displayName": "dias",
            "unitPattern-count-one": "{0} dia",
            "unitPattern-count-other": "{0} dias",
            "perUnitPattern": "{0}/dia"
          },
          "duration-hour": {
            "displayName": "horas",
            "unitPattern-count-one": "{0} h",
            "unitPattern-count-other": "{0} h",
            "perUnitPattern": "{0}/h"
          },
          "duration-minute": {
            "displayName": "mins",
            "unitPattern-count-one": "{0} min",
            "unitPattern-count-other": "{0} min",
            "perUnitPattern": "{0}/min"
          },
          "duration-second": {
            "displayName": "segs",
            "unitPattern-count-one": "{0} seg",
            "unitPattern-count-other": "{0} seg",
            "perUnitPattern": "{0}/s"
          },
          "duration-millisecond": {
            "displayName": "milissegundos",
            "unitPattern-count-one": "{0} ms",
            "unitPattern-count-other": "{0} ms"
          },
          "duration-microsecond": {
            "displayName": "μs",
            "unitPattern-count-one": "{0} μs",
            "unitPattern-count-other": "{0} μs"
          },
          "duration-nanosecond": {
            "displayName": "ns",
            "unitPattern-count-one": "{0} ns",
            "unitPattern-count-other": "{0} ns"
          },
          "electric-ampere": {
            "displayName": "amps",
            "unitPattern-count-one": "{0} A",
            "unitPattern-count-other": "{0} A"
          },
          "electric-milliampere": {
            "displayName": "miliamps",
            "unitPattern-count-one": "{0} mA",
            "unitPattern-count-other": "{0} mA"
          },
          "electric-ohm": {
            "displayName": "ohms",
            "unitPattern-count-one": "{0} Ω",
            "unitPattern-count-other": "{0} Ω"
          },
          "electric-volt": {
            "displayName": "volts",
            "unitPattern-count-one": "{0} V",
            "unitPattern-count-other": "{0} V"
          },
          "energy-kilocalorie": {
            "displayName": "kcal",
            "unitPattern-count-one": "{0} kcal",
            "unitPattern-count-other": "{0} kcal"
          },
          "energy-calorie": {
            "displayName": "cal",
            "unitPattern-count-one": "{0} cal",
            "unitPattern-count-other": "{0} cal"
          },
          "energy-foodcalorie": {
            "displayName": "Cal",
            "unitPattern-count-one": "{0} Cal",
            "unitPattern-count-other": "{0} Cal"
          },
          "energy-kilojoule": {
            "displayName": "quilojoule",
            "unitPattern-count-one": "{0} kJ",
            "unitPattern-count-other": "{0} kJ"
          },
          "energy-joule": {
            "displayName": "joules",
            "unitPattern-count-one": "{0} J",
            "unitPattern-count-other": "{0} J"
          },
          "energy-kilowatt-hour": {
            "displayName": "kW-hora",
            "unitPattern-count-one": "{0} kWh",
            "unitPattern-count-other": "{0} kWh"
          },
          "frequency-gigahertz": {
            "displayName": "GHz",
            "unitPattern-count-one": "{0} GHz",
            "unitPattern-count-other": "{0} GHz"
          },
          "frequency-megahertz": {
            "displayName": "MHz",
            "unitPattern-count-one": "{0} MHz",
            "unitPattern-count-other": "{0} MHz"
          },
          "frequency-kilohertz": {
            "displayName": "kHz",
            "unitPattern-count-one": "{0} kHz",
            "unitPattern-count-other": "{0} kHz"
          },
          "frequency-hertz": {
            "displayName": "Hz",
            "unitPattern-count-one": "{0} Hz",
            "unitPattern-count-other": "{0} Hz"
          },
          "length-kilometer": {
            "displayName": "km",
            "unitPattern-count-one": "{0} km",
            "unitPattern-count-other": "{0} km",
            "perUnitPattern": "{0}/km"
          },
          "length-meter": {
            "displayName": "metros",
            "unitPattern-count-one": "{0} m",
            "unitPattern-count-other": "{0} m",
            "perUnitPattern": "{0}/m"
          },
          "length-decimeter": {
            "displayName": "dm",
            "unitPattern-count-one": "{0} dm",
            "unitPattern-count-other": "{0} dm"
          },
          "length-centimeter": {
            "displayName": "cm",
            "unitPattern-count-one": "{0} cm",
            "unitPattern-count-other": "{0} cm",
            "perUnitPattern": "{0}/cm"
          },
          "length-millimeter": {
            "displayName": "mm",
            "unitPattern-count-one": "{0} mm",
            "unitPattern-count-other": "{0} mm"
          },
          "length-micrometer": {
            "displayName": "µm",
            "unitPattern-count-one": "{0} µm",
            "unitPattern-count-other": "{0} µm"
          },
          "length-nanometer": {
            "displayName": "nm",
            "unitPattern-count-one": "{0} nm",
            "unitPattern-count-other": "{0} nm"
          },
          "length-picometer": {
            "displayName": "pm",
            "unitPattern-count-one": "{0} pm",
            "unitPattern-count-other": "{0} pm"
          },
          "length-mile": {
            "displayName": "milhas",
            "unitPattern-count-one": "{0} mi",
            "unitPattern-count-other": "{0} mi"
          },
          "length-yard": {
            "displayName": "jardas",
            "unitPattern-count-one": "{0} yd",
            "unitPattern-count-other": "{0} yd"
          },
          "length-foot": {
            "displayName": "pés",
            "unitPattern-count-one": "{0} pé",
            "unitPattern-count-other": "{0} pés",
            "perUnitPattern": "{0}/pé"
          },
          "length-inch": {
            "displayName": "pol.",
            "unitPattern-count-one": "{0} pol.",
            "unitPattern-count-other": "{0} pol.",
            "perUnitPattern": "{0}/pol."
          },
          "length-parsec": {
            "displayName": "parsecs",
            "unitPattern-count-one": "{0} pc",
            "unitPattern-count-other": "{0} pc"
          },
          "length-light-year": {
            "displayName": "anos-luz",
            "unitPattern-count-one": "{0} ano-luz",
            "unitPattern-count-other": "{0} anos-luz"
          },
          "length-astronomical-unit": {
            "displayName": "ua",
            "unitPattern-count-one": "{0} ua",
            "unitPattern-count-other": "{0} ua"
          },
          "length-furlong": {
            "displayName": "fur",
            "unitPattern-count-other": "{0} fur"
          },
          "length-fathom": {
            "displayName": "fm",
            "unitPattern-count-other": "{0} fm"
          },
          "length-nautical-mile": {
            "displayName": "mn",
            "unitPattern-count-one": "{0} mn",
            "unitPattern-count-other": "{0} mn"
          },
          "length-mile-scandinavian": {
            "displayName": "smi",
            "unitPattern-count-one": "{0} smi",
            "unitPattern-count-other": "{0} smi"
          },
          "light-lux": {
            "displayName": "lux",
            "unitPattern-count-one": "{0} lx",
            "unitPattern-count-other": "{0} lx"
          },
          "mass-metric-ton": {
            "displayName": "t",
            "unitPattern-count-one": "{0} t",
            "unitPattern-count-other": "{0} t"
          },
          "mass-kilogram": {
            "displayName": "kg",
            "unitPattern-count-one": "{0} kg",
            "unitPattern-count-other": "{0} kg",
            "perUnitPattern": "{0}/kg"
          },
          "mass-gram": {
            "displayName": "gramas",
            "unitPattern-count-one": "{0} g",
            "unitPattern-count-other": "{0} g",
            "perUnitPattern": "{0}/g"
          },
          "mass-milligram": {
            "displayName": "mg",
            "unitPattern-count-one": "{0} mg",
            "unitPattern-count-other": "{0} mg"
          },
          "mass-microgram": {
            "displayName": "µg",
            "unitPattern-count-one": "{0} µg",
            "unitPattern-count-other": "{0} µg"
          },
          "mass-ton": {
            "displayName": "toneladas",
            "unitPattern-count-one": "{0} tn",
            "unitPattern-count-other": "{0} tn"
          },
          "mass-stone": {
            "displayName": "st",
            "unitPattern-count-other": "{0} st"
          },
          "mass-pound": {
            "displayName": "libras",
            "unitPattern-count-one": "{0} lb",
            "unitPattern-count-other": "{0} lb",
            "perUnitPattern": "{0}/lb"
          },
          "mass-ounce": {
            "displayName": "oz",
            "unitPattern-count-one": "{0} oz",
            "unitPattern-count-other": "{0} oz",
            "perUnitPattern": "{0}/oz"
          },
          "mass-ounce-troy": {
            "displayName": "oz troy",
            "unitPattern-count-one": "{0} oz t",
            "unitPattern-count-other": "{0} oz t"
          },
          "mass-carat": {
            "displayName": "quilates",
            "unitPattern-count-one": "{0} ql",
            "unitPattern-count-other": "{0} ql"
          },
          "power-gigawatt": {
            "displayName": "GW",
            "unitPattern-count-one": "{0} GW",
            "unitPattern-count-other": "{0} GW"
          },
          "power-megawatt": {
            "displayName": "MW",
            "unitPattern-count-one": "{0} MW",
            "unitPattern-count-other": "{0} MW"
          },
          "power-kilowatt": {
            "displayName": "kW",
            "unitPattern-count-one": "{0} kW",
            "unitPattern-count-other": "{0} kW"
          },
          "power-watt": {
            "displayName": "watts",
            "unitPattern-count-one": "{0} W",
            "unitPattern-count-other": "{0} W"
          },
          "power-milliwatt": {
            "displayName": "mW",
            "unitPattern-count-one": "{0} mW",
            "unitPattern-count-other": "{0} mW"
          },
          "power-horsepower": {
            "displayName": "cv",
            "unitPattern-count-one": "{0} cv",
            "unitPattern-count-other": "{0} cv"
          },
          "pressure-hectopascal": {
            "displayName": "hPa",
            "unitPattern-count-one": "{0} hPa",
            "unitPattern-count-other": "{0} hPa"
          },
          "pressure-millimeter-of-mercury": {
            "displayName": "mm Hg",
            "unitPattern-count-one": "{0} mm Hg",
            "unitPattern-count-other": "{0} mm Hg"
          },
          "pressure-pound-per-square-inch": {
            "displayName": "psi",
            "unitPattern-count-one": "{0} psi",
            "unitPattern-count-other": "{0} psi"
          },
          "pressure-inch-hg": {
            "displayName": "pol Hg",
            "unitPattern-count-one": "{0} pol Hg",
            "unitPattern-count-other": "{0} pol Hg"
          },
          "pressure-millibar": {
            "displayName": "mbar",
            "unitPattern-count-one": "{0} mbar",
            "unitPattern-count-other": "{0} mbar"
          },
          "speed-kilometer-per-hour": {
            "displayName": "km/h",
            "unitPattern-count-one": "{0} km/h",
            "unitPattern-count-other": "{0} km/h"
          },
          "speed-meter-per-second": {
            "displayName": "metros/seg",
            "unitPattern-count-one": "{0} m/s",
            "unitPattern-count-other": "{0} m/s"
          },
          "speed-mile-per-hour": {
            "displayName": "milhas/hora",
            "unitPattern-count-one": "{0} mph",
            "unitPattern-count-other": "{0} mph"
          },
          "speed-knot": {
            "displayName": "nó",
            "unitPattern-count-one": "{0} nó",
            "unitPattern-count-other": "{0} nós"
          },
          "temperature-generic": {
            "displayName": "°",
            "unitPattern-count-one": "{0}°",
            "unitPattern-count-other": "{0}°"
          },
          "temperature-celsius": {
            "displayName": "graus C",
            "unitPattern-count-one": "{0}°C",
            "unitPattern-count-other": "{0}°C"
          },
          "temperature-fahrenheit": {
            "displayName": "graus F",
            "unitPattern-count-one": "{0} °F",
            "unitPattern-count-other": "{0} °F"
          },
          "temperature-kelvin": {
            "displayName": "K",
            "unitPattern-count-one": "{0} K",
            "unitPattern-count-other": "{0} K"
          },
          "volume-cubic-kilometer": {
            "displayName": "km³",
            "unitPattern-count-one": "{0} km³",
            "unitPattern-count-other": "{0} km³"
          },
          "volume-cubic-meter": {
            "displayName": "m³",
            "unitPattern-count-one": "{0} m³",
            "unitPattern-count-other": "{0} m³",
            "perUnitPattern": "{0}/m³"
          },
          "volume-cubic-centimeter": {
            "displayName": "cm³",
            "unitPattern-count-one": "{0} cm³",
            "unitPattern-count-other": "{0} cm³",
            "perUnitPattern": "{0}/cm³"
          },
          "volume-cubic-mile": {
            "displayName": "mi³",
            "unitPattern-count-one": "{0} mi³",
            "unitPattern-count-other": "{0} mi³"
          },
          "volume-cubic-yard": {
            "displayName": "jardas³",
            "unitPattern-count-one": "{0} yd³",
            "unitPattern-count-other": "{0} yd³"
          },
          "volume-cubic-foot": {
            "displayName": "pés³",
            "unitPattern-count-one": "{0} ft³",
            "unitPattern-count-other": "{0} ft³"
          },
          "volume-cubic-inch": {
            "displayName": "polegadas³",
            "unitPattern-count-one": "{0} pol³",
            "unitPattern-count-other": "{0} pol³"
          },
          "volume-megaliter": {
            "displayName": "ML",
            "unitPattern-count-one": "{0} ML",
            "unitPattern-count-other": "{0} ML"
          },
          "volume-hectoliter": {
            "displayName": "hl",
            "unitPattern-count-one": "{0} hl",
            "unitPattern-count-other": "{0} hl"
          },
          "volume-liter": {
            "displayName": "litros",
            "unitPattern-count-one": "{0} l",
            "unitPattern-count-other": "{0} l",
            "perUnitPattern": "{0}/l"
          },
          "volume-deciliter": {
            "displayName": "dl",
            "unitPattern-count-one": "{0} dl",
            "unitPattern-count-other": "{0} dl"
          },
          "volume-centiliter": {
            "displayName": "cl",
            "unitPattern-count-one": "{0} cl",
            "unitPattern-count-other": "{0} cl"
          },
          "volume-milliliter": {
            "displayName": "ml",
            "unitPattern-count-one": "{0} ml",
            "unitPattern-count-other": "{0} ml"
          },
          "volume-pint-metric": {
            "displayName": "ptm",
            "unitPattern-count-one": "{0} ptm",
            "unitPattern-count-other": "{0} ptm"
          },
          "volume-cup-metric": {
            "displayName": "xícm",
            "unitPattern-count-one": "{0} xícm",
            "unitPattern-count-other": "{0} xícm"
          },
          "volume-acre-foot": {
            "displayName": "acre-pés",
            "unitPattern-count-one": "{0} acre-pé",
            "unitPattern-count-other": "{0} acre-pés"
          },
          "volume-bushel": {
            "displayName": "bu",
            "unitPattern-count-other": "{0} bu"
          },
          "volume-gallon": {
            "displayName": "gal",
            "unitPattern-count-one": "{0} gal",
            "unitPattern-count-other": "{0} gal",
            "perUnitPattern": "{0}/gal"
          },
          "volume-gallon-imperial": {
            "displayName": "gal. imp.",
            "unitPattern-count-one": "{0} gal. imp.",
            "unitPattern-count-other": "{0} gal. imp.",
            "perUnitPattern": "{0}/gal. imp."
          },
          "volume-quart": {
            "displayName": "qts",
            "unitPattern-count-one": "{0} qt",
            "unitPattern-count-other": "{0} qt"
          },
          "volume-pint": {
            "displayName": "pints",
            "unitPattern-count-one": "{0} pt",
            "unitPattern-count-other": "{0} pt"
          },
          "volume-cup": {
            "displayName": "xícaras",
            "unitPattern-count-one": "{0} xíc.",
            "unitPattern-count-other": "{0} xíc."
          },
          "volume-fluid-ounce": {
            "displayName": "fl oz",
            "unitPattern-count-one": "{0} fl oz",
            "unitPattern-count-other": "{0} fl oz"
          },
          "volume-tablespoon": {
            "displayName": "CS",
            "unitPattern-count-one": "{0} CS",
            "unitPattern-count-other": "{0} CS"
          },
          "volume-teaspoon": {
            "displayName": "cc",
            "unitPattern-count-one": "{0} cc",
            "unitPattern-count-other": "{0} cc"
          },
          "coordinateUnit": {
            "east": "{0}E",
            "north": "{0}N",
            "south": "{0}S",
            "west": "{0}O"
          }
        },
        "narrow": {
          "per": {
            "compoundUnitPattern": "{0}/{1}"
          },
          "acceleration-g-force": {
            "displayName": "força g",
            "unitPattern-count-one": "{0} G",
            "unitPattern-count-other": "{0} G"
          },
          "acceleration-meter-per-second-squared": {
            "displayName": "metros/seg²",
            "unitPattern-count-one": "{0} m/s²",
            "unitPattern-count-other": "{0} m/s²"
          },
          "angle-revolution": {
            "displayName": "rev",
            "unitPattern-count-one": "{0} rev",
            "unitPattern-count-other": "{0} rev"
          },
          "angle-radian": {
            "displayName": "radianos",
            "unitPattern-count-one": "{0} rad",
            "unitPattern-count-other": "{0} rad"
          },
          "angle-degree": {
            "displayName": "graus",
            "unitPattern-count-one": "{0}°",
            "unitPattern-count-other": "{0}°"
          },
          "angle-arc-minute": {
            "displayName": "arcmins",
            "unitPattern-count-one": "{0}'",
            "unitPattern-count-other": "{0}'"
          },
          "angle-arc-second": {
            "displayName": "arcsegs",
            "unitPattern-count-one": "{0}\\\"",
            "unitPattern-count-other": "{0}\\\""
          },
          "area-square-kilometer": {
            "displayName": "km²",
            "unitPattern-count-one": "{0} km²",
            "unitPattern-count-other": "{0} km²",
            "perUnitPattern": "{0}/km²"
          },
          "area-hectare": {
            "displayName": "hectares",
            "unitPattern-count-one": "{0} ha",
            "unitPattern-count-other": "{0} ha"
          },
          "area-square-meter": {
            "displayName": "metros²",
            "unitPattern-count-one": "{0} m²",
            "unitPattern-count-other": "{0} m²",
            "perUnitPattern": "{0} por m²"
          },
          "area-square-centimeter": {
            "displayName": "cm²",
            "unitPattern-count-one": "{0} cm²",
            "unitPattern-count-other": "{0} cm²",
            "perUnitPattern": "{0} por cm²"
          },
          "area-square-mile": {
            "displayName": "milhas²",
            "unitPattern-count-one": "{0} mi²",
            "unitPattern-count-other": "{0} mi²",
            "perUnitPattern": "{0}/mi²"
          },
          "area-acre": {
            "displayName": "acres",
            "unitPattern-count-one": "{0} acre",
            "unitPattern-count-other": "{0} acres"
          },
          "area-square-yard": {
            "displayName": "jardas²",
            "unitPattern-count-one": "{0} yd²",
            "unitPattern-count-other": "{0} yd²"
          },
          "area-square-foot": {
            "displayName": "pés²",
            "unitPattern-count-one": "{0} ft²",
            "unitPattern-count-other": "{0} ft²"
          },
          "area-square-inch": {
            "displayName": "polegadas²",
            "unitPattern-count-one": "{0} pol²",
            "unitPattern-count-other": "{0} pol²",
            "perUnitPattern": "{0} por pol²"
          },
          "concentr-karat": {
            "displayName": "kilates",
            "unitPattern-count-one": "{0} k",
            "unitPattern-count-other": "{0} k"
          },
          "concentr-milligram-per-deciliter": {
            "displayName": "mg/dl",
            "unitPattern-count-one": "{0} mg/dl",
            "unitPattern-count-other": "{0} mg/dl"
          },
          "concentr-millimole-per-liter": {
            "displayName": "milimol/litro",
            "unitPattern-count-one": "{0} mmol/l",
            "unitPattern-count-other": "{0} mmol/l"
          },
          "concentr-part-per-million": {
            "displayName": "partes/milhão",
            "unitPattern-count-one": "{0} ppm",
            "unitPattern-count-other": "{0} ppm"
          },
          "consumption-liter-per-kilometer": {
            "displayName": "litros/km",
            "unitPattern-count-one": "{0} l/km",
            "unitPattern-count-other": "{0} l/km"
          },
          "consumption-liter-per-100kilometers": {
            "displayName": "l/100 km",
            "unitPattern-count-one": "{0} l/100 km",
            "unitPattern-count-other": "{0} l/100 km"
          },
          "consumption-mile-per-gallon": {
            "displayName": "milhas/gal",
            "unitPattern-count-one": "{0} mpg",
            "unitPattern-count-other": "{0} mpg"
          },
          "consumption-mile-per-gallon-imperial": {
            "displayName": "milhas/gal. imp.",
            "unitPattern-count-one": "{0} mpg imp.",
            "unitPattern-count-other": "{0} mpg imp."
          },
          "digital-terabyte": {
            "displayName": "TByte",
            "unitPattern-count-one": "{0} TB",
            "unitPattern-count-other": "{0} TB"
          },
          "digital-terabit": {
            "displayName": "Tbit",
            "unitPattern-count-one": "{0} Tb",
            "unitPattern-count-other": "{0} Tb"
          },
          "digital-gigabyte": {
            "displayName": "GByte",
            "unitPattern-count-one": "{0} GB",
            "unitPattern-count-other": "{0} GB"
          },
          "digital-gigabit": {
            "displayName": "Gbit",
            "unitPattern-count-one": "{0} Gb",
            "unitPattern-count-other": "{0} Gb"
          },
          "digital-megabyte": {
            "displayName": "MByte",
            "unitPattern-count-one": "{0} MB",
            "unitPattern-count-other": "{0} MB"
          },
          "digital-megabit": {
            "displayName": "Mbit",
            "unitPattern-count-one": "{0} Mb",
            "unitPattern-count-other": "{0} Mb"
          },
          "digital-kilobyte": {
            "displayName": "kByte",
            "unitPattern-count-one": "{0} kB",
            "unitPattern-count-other": "{0} kB"
          },
          "digital-kilobit": {
            "displayName": "kbit",
            "unitPattern-count-one": "{0} kb",
            "unitPattern-count-other": "{0} kb"
          },
          "digital-byte": {
            "displayName": "byte",
            "unitPattern-count-one": "{0} byte",
            "unitPattern-count-other": "{0} byte"
          },
          "digital-bit": {
            "displayName": "bit",
            "unitPattern-count-one": "{0} bit",
            "unitPattern-count-other": "{0} bit"
          },
          "duration-century": {
            "displayName": "séc.",
            "unitPattern-count-one": "{0} séc.",
            "unitPattern-count-other": "{0} sécs."
          },
          "duration-year": {
            "displayName": "ano",
            "unitPattern-count-one": "{0} ano",
            "unitPattern-count-other": "{0} anos",
            "perUnitPattern": "{0}/ano"
          },
          "duration-month": {
            "displayName": "mês",
            "unitPattern-count-one": "{0} mês",
            "unitPattern-count-other": "{0} meses",
            "perUnitPattern": "{0}/mês"
          },
          "duration-week": {
            "displayName": "sem.",
            "unitPattern-count-one": "{0} sem.",
            "unitPattern-count-other": "{0} sem.",
            "perUnitPattern": "{0}/sem."
          },
          "duration-day": {
            "displayName": "dia",
            "unitPattern-count-one": "{0} dia",
            "unitPattern-count-other": "{0} dias",
            "perUnitPattern": "{0}/dia"
          },
          "duration-hour": {
            "displayName": "hora",
            "unitPattern-count-one": "{0} h",
            "unitPattern-count-other": "{0} h",
            "perUnitPattern": "{0}/h"
          },
          "duration-minute": {
            "displayName": "min",
            "unitPattern-count-one": "{0} min",
            "unitPattern-count-other": "{0} min",
            "perUnitPattern": "{0}/min"
          },
          "duration-second": {
            "displayName": "seg",
            "unitPattern-count-one": "{0} s",
            "unitPattern-count-other": "{0} s",
            "perUnitPattern": "{0}/s"
          },
          "duration-millisecond": {
            "displayName": "ms",
            "unitPattern-count-one": "{0} ms",
            "unitPattern-count-other": "{0} ms"
          },
          "duration-microsecond": {
            "displayName": "μs",
            "unitPattern-count-one": "{0} μs",
            "unitPattern-count-other": "{0} μs"
          },
          "duration-nanosecond": {
            "displayName": "ns",
            "unitPattern-count-one": "{0} ns",
            "unitPattern-count-other": "{0} ns"
          },
          "electric-ampere": {
            "displayName": "amps",
            "unitPattern-count-one": "{0} A",
            "unitPattern-count-other": "{0} A"
          },
          "electric-milliampere": {
            "displayName": "miliamps",
            "unitPattern-count-one": "{0} mA",
            "unitPattern-count-other": "{0} mA"
          },
          "electric-ohm": {
            "displayName": "ohms",
            "unitPattern-count-one": "{0} Ω",
            "unitPattern-count-other": "{0} Ω"
          },
          "electric-volt": {
            "displayName": "volts",
            "unitPattern-count-one": "{0} V",
            "unitPattern-count-other": "{0} V"
          },
          "energy-kilocalorie": {
            "displayName": "kcal",
            "unitPattern-count-one": "{0} kcal",
            "unitPattern-count-other": "{0} kcal"
          },
          "energy-calorie": {
            "displayName": "cal",
            "unitPattern-count-one": "{0} cal",
            "unitPattern-count-other": "{0} cal"
          },
          "energy-foodcalorie": {
            "displayName": "Cal",
            "unitPattern-count-one": "{0} Cal",
            "unitPattern-count-other": "{0} Cal"
          },
          "energy-kilojoule": {
            "displayName": "quilojoule",
            "unitPattern-count-one": "{0} kJ",
            "unitPattern-count-other": "{0} kJ"
          },
          "energy-joule": {
            "displayName": "joules",
            "unitPattern-count-one": "{0} J",
            "unitPattern-count-other": "{0} J"
          },
          "energy-kilowatt-hour": {
            "displayName": "kW-hora",
            "unitPattern-count-one": "{0} kWh",
            "unitPattern-count-other": "{0} kWh"
          },
          "frequency-gigahertz": {
            "displayName": "GHz",
            "unitPattern-count-one": "{0} GHz",
            "unitPattern-count-other": "{0} GHz"
          },
          "frequency-megahertz": {
            "displayName": "MHz",
            "unitPattern-count-one": "{0} MHz",
            "unitPattern-count-other": "{0} MHz"
          },
          "frequency-kilohertz": {
            "displayName": "kHz",
            "unitPattern-count-one": "{0} kHz",
            "unitPattern-count-other": "{0} kHz"
          },
          "frequency-hertz": {
            "displayName": "Hz",
            "unitPattern-count-one": "{0} Hz",
            "unitPattern-count-other": "{0} Hz"
          },
          "length-kilometer": {
            "displayName": "km",
            "unitPattern-count-one": "{0} km",
            "unitPattern-count-other": "{0} km",
            "perUnitPattern": "{0}/km"
          },
          "length-meter": {
            "displayName": "metro",
            "unitPattern-count-one": "{0} m",
            "unitPattern-count-other": "{0} m",
            "perUnitPattern": "{0}/m"
          },
          "length-decimeter": {
            "displayName": "dm",
            "unitPattern-count-one": "{0} dm",
            "unitPattern-count-other": "{0} dm"
          },
          "length-centimeter": {
            "displayName": "cm",
            "unitPattern-count-one": "{0} cm",
            "unitPattern-count-other": "{0} cm",
            "perUnitPattern": "{0}/cm"
          },
          "length-millimeter": {
            "displayName": "mm",
            "unitPattern-count-one": "{0} mm",
            "unitPattern-count-other": "{0} mm"
          },
          "length-micrometer": {
            "displayName": "µm",
            "unitPattern-count-one": "{0} µm",
            "unitPattern-count-other": "{0} µm"
          },
          "length-nanometer": {
            "displayName": "nm",
            "unitPattern-count-one": "{0} nm",
            "unitPattern-count-other": "{0} nm"
          },
          "length-picometer": {
            "displayName": "pm",
            "unitPattern-count-one": "{0} pm",
            "unitPattern-count-other": "{0} pm"
          },
          "length-mile": {
            "displayName": "milhas",
            "unitPattern-count-one": "{0} milha",
            "unitPattern-count-other": "{0} milhas"
          },
          "length-yard": {
            "displayName": "jardas",
            "unitPattern-count-one": "{0} yd",
            "unitPattern-count-other": "{0} yd"
          },
          "length-foot": {
            "displayName": "pés",
            "unitPattern-count-one": "{0} pé",
            "unitPattern-count-other": "{0} pés",
            "perUnitPattern": "{0}/pé"
          },
          "length-inch": {
            "displayName": "pol.",
            "unitPattern-count-one": "{0}″",
            "unitPattern-count-other": "{0}″",
            "perUnitPattern": "{0}/pol."
          },
          "length-parsec": {
            "displayName": "parsecs",
            "unitPattern-count-one": "{0} pc",
            "unitPattern-count-other": "{0} pc"
          },
          "length-light-year": {
            "displayName": "anos-luz",
            "unitPattern-count-one": "{0} ano-luz",
            "unitPattern-count-other": "{0} anos-luz"
          },
          "length-astronomical-unit": {
            "displayName": "ua",
            "unitPattern-count-one": "{0} ua",
            "unitPattern-count-other": "{0} ua"
          },
          "length-furlong": {
            "displayName": "fur",
            "unitPattern-count-other": "{0} fur"
          },
          "length-fathom": {
            "displayName": "fm",
            "unitPattern-count-other": "{0} fm"
          },
          "length-nautical-mile": {
            "displayName": "mn",
            "unitPattern-count-one": "{0} mn",
            "unitPattern-count-other": "{0} mn"
          },
          "length-mile-scandinavian": {
            "displayName": "smi",
            "unitPattern-count-one": "{0} smi",
            "unitPattern-count-other": "{0} smi"
          },
          "light-lux": {
            "displayName": "lux",
            "unitPattern-count-one": "{0} lx",
            "unitPattern-count-other": "{0} lx"
          },
          "mass-metric-ton": {
            "displayName": "t",
            "unitPattern-count-one": "{0} t",
            "unitPattern-count-other": "{0} t"
          },
          "mass-kilogram": {
            "displayName": "kg",
            "unitPattern-count-one": "{0} kg",
            "unitPattern-count-other": "{0} kg",
            "perUnitPattern": "{0}/kg"
          },
          "mass-gram": {
            "displayName": "grama",
            "unitPattern-count-one": "{0} g",
            "unitPattern-count-other": "{0} g",
            "perUnitPattern": "{0}/g"
          },
          "mass-milligram": {
            "displayName": "mg",
            "unitPattern-count-one": "{0} mg",
            "unitPattern-count-other": "{0} mg"
          },
          "mass-microgram": {
            "displayName": "µg",
            "unitPattern-count-one": "{0} µg",
            "unitPattern-count-other": "{0} µg"
          },
          "mass-ton": {
            "displayName": "toneladas",
            "unitPattern-count-one": "{0} tn",
            "unitPattern-count-other": "{0} tn"
          },
          "mass-stone": {
            "displayName": "st",
            "unitPattern-count-other": "{0} st"
          },
          "mass-pound": {
            "displayName": "libras",
            "unitPattern-count-one": "{0} lb",
            "unitPattern-count-other": "{0} lb",
            "perUnitPattern": "{0}/lb"
          },
          "mass-ounce": {
            "displayName": "oz",
            "unitPattern-count-one": "{0} oz",
            "unitPattern-count-other": "{0} oz",
            "perUnitPattern": "{0}/oz"
          },
          "mass-ounce-troy": {
            "displayName": "oz troy",
            "unitPattern-count-one": "{0} oz t",
            "unitPattern-count-other": "{0} oz t"
          },
          "mass-carat": {
            "displayName": "quilates",
            "unitPattern-count-one": "{0} ql",
            "unitPattern-count-other": "{0} ql"
          },
          "power-gigawatt": {
            "displayName": "GW",
            "unitPattern-count-one": "{0} GW",
            "unitPattern-count-other": "{0} GW"
          },
          "power-megawatt": {
            "displayName": "MW",
            "unitPattern-count-one": "{0} MW",
            "unitPattern-count-other": "{0} MW"
          },
          "power-kilowatt": {
            "displayName": "kW",
            "unitPattern-count-one": "{0} kW",
            "unitPattern-count-other": "{0} kW"
          },
          "power-watt": {
            "displayName": "watts",
            "unitPattern-count-one": "{0} W",
            "unitPattern-count-other": "{0} W"
          },
          "power-milliwatt": {
            "displayName": "mW",
            "unitPattern-count-one": "{0} mW",
            "unitPattern-count-other": "{0} mW"
          },
          "power-horsepower": {
            "displayName": "cv",
            "unitPattern-count-one": "{0} cv",
            "unitPattern-count-other": "{0} cv"
          },
          "pressure-hectopascal": {
            "displayName": "hPa",
            "unitPattern-count-one": "{0} hPa",
            "unitPattern-count-other": "{0} hPa"
          },
          "pressure-millimeter-of-mercury": {
            "displayName": "mm Hg",
            "unitPattern-count-one": "{0} mm Hg",
            "unitPattern-count-other": "{0} mm Hg"
          },
          "pressure-pound-per-square-inch": {
            "displayName": "psi",
            "unitPattern-count-one": "{0} psi",
            "unitPattern-count-other": "{0} psi"
          },
          "pressure-inch-hg": {
            "displayName": "pol Hg",
            "unitPattern-count-one": "{0}\\\" Hg",
            "unitPattern-count-other": "{0}\\\" Hg"
          },
          "pressure-millibar": {
            "displayName": "mbar",
            "unitPattern-count-one": "{0} mb",
            "unitPattern-count-other": "{0} mb"
          },
          "speed-kilometer-per-hour": {
            "displayName": "km/h",
            "unitPattern-count-one": "{0} km/h",
            "unitPattern-count-other": "{0} km/h"
          },
          "speed-meter-per-second": {
            "displayName": "metros/seg",
            "unitPattern-count-one": "{0} m/s",
            "unitPattern-count-other": "{0} m/s"
          },
          "speed-mile-per-hour": {
            "displayName": "milhas/hora",
            "unitPattern-count-one": "{0} mi/h",
            "unitPattern-count-other": "{0} mi/h"
          },
          "speed-knot": {
            "displayName": "nó",
            "unitPattern-count-one": "{0} nó",
            "unitPattern-count-other": "{0} nós"
          },
          "temperature-generic": {
            "displayName": "°",
            "unitPattern-count-one": "{0}°",
            "unitPattern-count-other": "{0}°"
          },
          "temperature-celsius": {
            "displayName": "°C",
            "unitPattern-count-one": "{0}°C",
            "unitPattern-count-other": "{0}°C"
          },
          "temperature-fahrenheit": {
            "displayName": "°F",
            "unitPattern-count-one": "{0}°F",
            "unitPattern-count-other": "{0}°F"
          },
          "temperature-kelvin": {
            "displayName": "K",
            "unitPattern-count-one": "{0} K",
            "unitPattern-count-other": "{0} K"
          },
          "volume-cubic-kilometer": {
            "displayName": "km³",
            "unitPattern-count-one": "{0} km³",
            "unitPattern-count-other": "{0} km³"
          },
          "volume-cubic-meter": {
            "displayName": "m³",
            "unitPattern-count-one": "{0} m³",
            "unitPattern-count-other": "{0} m³",
            "perUnitPattern": "{0}/m³"
          },
          "volume-cubic-centimeter": {
            "displayName": "cm³",
            "unitPattern-count-one": "{0} cm³",
            "unitPattern-count-other": "{0} cm³",
            "perUnitPattern": "{0}/cm³"
          },
          "volume-cubic-mile": {
            "displayName": "mi³",
            "unitPattern-count-one": "{0} mi³",
            "unitPattern-count-other": "{0} mi³"
          },
          "volume-cubic-yard": {
            "displayName": "jardas³",
            "unitPattern-count-one": "{0} yd³",
            "unitPattern-count-other": "{0} yd³"
          },
          "volume-cubic-foot": {
            "displayName": "pés³",
            "unitPattern-count-one": "{0} ft³",
            "unitPattern-count-other": "{0} ft³"
          },
          "volume-cubic-inch": {
            "displayName": "polegadas³",
            "unitPattern-count-one": "{0} pol³",
            "unitPattern-count-other": "{0} pol³"
          },
          "volume-megaliter": {
            "displayName": "ML",
            "unitPattern-count-one": "{0} ML",
            "unitPattern-count-other": "{0} ML"
          },
          "volume-hectoliter": {
            "displayName": "hl",
            "unitPattern-count-one": "{0} hl",
            "unitPattern-count-other": "{0} hl"
          },
          "volume-liter": {
            "displayName": "litro",
            "unitPattern-count-one": "{0} l",
            "unitPattern-count-other": "{0} l",
            "perUnitPattern": "{0}/l"
          },
          "volume-deciliter": {
            "displayName": "dl",
            "unitPattern-count-one": "{0} dl",
            "unitPattern-count-other": "{0} dl"
          },
          "volume-centiliter": {
            "displayName": "cl",
            "unitPattern-count-one": "{0} cl",
            "unitPattern-count-other": "{0} cl"
          },
          "volume-milliliter": {
            "displayName": "ml",
            "unitPattern-count-one": "{0} ml",
            "unitPattern-count-other": "{0} ml"
          },
          "volume-pint-metric": {
            "displayName": "ptm",
            "unitPattern-count-one": "{0} ptm",
            "unitPattern-count-other": "{0} ptm"
          },
          "volume-cup-metric": {
            "displayName": "xícm",
            "unitPattern-count-one": "{0} xícm",
            "unitPattern-count-other": "{0} xícm"
          },
          "volume-acre-foot": {
            "displayName": "acre-pés",
            "unitPattern-count-one": "{0} acre-pé",
            "unitPattern-count-other": "{0} acre-pés"
          },
          "volume-bushel": {
            "displayName": "bu",
            "unitPattern-count-other": "{0} bu"
          },
          "volume-gallon": {
            "displayName": "gal",
            "unitPattern-count-one": "{0} gal",
            "unitPattern-count-other": "{0} gal",
            "perUnitPattern": "{0}/gal"
          },
          "volume-gallon-imperial": {
            "displayName": "gal. imp.",
            "unitPattern-count-one": "{0} gal. imp.",
            "unitPattern-count-other": "{0} gal. imp.",
            "perUnitPattern": "{0}/gal. imp."
          },
          "volume-quart": {
            "displayName": "qts",
            "unitPattern-count-one": "{0} qt",
            "unitPattern-count-other": "{0} qt"
          },
          "volume-pint": {
            "displayName": "pints",
            "unitPattern-count-one": "{0} pt",
            "unitPattern-count-other": "{0} pt"
          },
          "volume-cup": {
            "displayName": "xícaras",
            "unitPattern-count-one": "{0} xíc.",
            "unitPattern-count-other": "{0} xíc."
          },
          "volume-fluid-ounce": {
            "displayName": "fl oz",
            "unitPattern-count-one": "{0} fl oz",
            "unitPattern-count-other": "{0} fl oz"
          },
          "volume-tablespoon": {
            "displayName": "CS",
            "unitPattern-count-one": "{0} CS",
            "unitPattern-count-other": "{0} CS"
          },
          "volume-teaspoon": {
            "displayName": "cc",
            "unitPattern-count-one": "{0} cc",
            "unitPattern-count-other": "{0} cc"
          },
          "coordinateUnit": {
            "east": "{0}E",
            "north": "{0}N",
            "south": "{0}S",
            "west": "{0}O"
          }
        },
        "durationUnit-type-hm": {
          "durationUnitPattern": "h:mm"
        },
        "durationUnit-type-hms": {
          "durationUnitPattern": "h:mm:ss"
        },
        "durationUnit-type-ms": {
          "durationUnitPattern": "m:ss"
        }
      }
    }
  }
}
