{
  "main": {
    "en": {
      "identity": {
        "version": {
          "_number": "$Revision: 13259 $",
          "_cldrVersion": "31.0.1"
        },
        "language": "en"
      },
      "characters": {
        "exemplarCharacters": "[a b c d e f g h i j k l m n o p q r s t u v w x y z]",
        "auxiliary": "[á à ă â å ä ã ā æ ç é è ĕ ê ë ē í ì ĭ î ï ī ñ ó ò ŏ ô ö ø ō œ ú ù ŭ û ü ū ÿ]",
        "index": "[A B C D E F G H I J K L M N O P Q R S T U V W X Y Z]",
        "punctuation": "[\\\\- ‐ – — , ; \\\\: ! ? . … ' ‘ ’ \\\" “ ” ( ) \\\\[ \\\\] § @ * / \\\\& # † ‡ ′ ″]",
        "ellipsis": {
          "final": "{0}…",
          "initial": "…{0}",
          "medial": "{0}…{1}",
          "word-final": "{0} …",
          "word-initial": "… {0}",
          "word-medial": "{0} … {1}"
        },
        "moreInformation": "?",
        "lenient-scope-date": {
          "-": "[\\\\-./]",
          ":": "[\\\\:∶]"
        },
        "lenient-scope-general": {
          ".": "[.．․﹒ 。︒｡]",
          "$": "[$﹩＄$]",
          "£": "[£₤]",
          "₹": "[₨₹{Rs}{Rp}]"
        },
        "lenient-scope-number": {
          "-": "[\\\\-－﹣ −⁻₋ ➖‒]",
          ",": "[,，﹐︐ ، ٫ 、﹑︑､]",
          "+": "[+＋﬩﹢⁺₊ ➕]"
        },
        "stricter-scope-number": {
          ",": "[,，﹐︐ ٫]",
          ".": "[.．․﹒ ｡]"
        }
      }
    }
  }
}
