{
  "main": {
    "pt": {
      "identity": {
        "version": {
          "_number": "$Revision: 12879 $",
          "_cldrVersion": "30.0.3"
        },
        "language": "pt"
      },
      "localeDisplayNames": {
        "variants": {
          "1901": "ortografia alemã tradicional",
          "1994": "ortografia resiana padronizada",
          "1996": "ortografia alemã de 1996",
          "1606NICT": "francês antigo de 1606",
          "1694ACAD": "francês da idade moderna",
          "1959ACAD": "acadêmico",
          "ABL1943": "Formulário Ortográfico de 1943",
          "ALALC97": "ALALC97",
          "ALUKU": "ALUKU",
          "AO1990": "Acordo Ortográfico da Língua Portuguesa de 1990",
          "AREVELA": "armênio oriental",
          "AREVMDA": "armênio ocidental",
          "BAKU1926": "alfabeto latino turco unificado",
          "BALANKA": "BALANKA",
          "BARLA": "BARLA",
          "BASICENG": "BASICENG",
          "BAUDDHA": "BAUDDHA",
          "BISCAYAN": "biscainho",
          "BISKE": "dialeto san giorgio/bila",
          "BOHORIC": "BOHORIC",
          "BOONT": "boontling",
          "COLB1945": "Convenção Ortográfica Luso-Brasileira de 1945",
          "CORNU": "CORNU",
          "DAJNKO": "DAJNKO",
          "EKAVSK": "EKAVSK",
          "EMODENG": "EMODENG",
          "FONIPA": "fonética do Alfabeto Fonético Internacional",
          "FONNAPA": "FONNAPA",
          "FONUPA": "fonética do Alfabeto Fonético Urálico",
          "FONXSAMP": "FONXSAMP",
          "HEPBURN": "romanização hepburn",
          "HOGNORSK": "alto noruego",
          "IJEKAVSK": "IJEKAVSK",
          "ITIHASA": "ITIHASA",
          "JAUER": "JAUER",
          "JYUTPING": "JYUTPING",
          "KKCOR": "ortografia comum",
          "KOCIEWIE": "KOCIEWIE",
          "KSCOR": "KSCOR",
          "LAUKIKA": "LAUKIKA",
          "LIPAW": "dialeto lipovaz de Resian",
          "LUNA1918": "LUNA1918",
          "METELKO": "METELKO",
          "MONOTON": "monotônico",
          "NDYUKA": "dialeto ndyuka",
          "NEDIS": "dialeto natisone",
          "NEWFOUND": "NEWFOUND",
          "NJIVA": "dialeto gniva/njiva",
          "NULIK": "NULIK",
          "OSOJS": "dialeto oseacco/osojane",
          "OXENDICT": "OXENDICT",
          "PAMAKA": "dialeto pamaka",
          "PETR1708": "PETR1708",
          "PINYIN": "romanização Pinyin",
          "POLYTON": "politônico",
          "POSIX": "computador",
          "PUTER": "PUTER",
          "REVISED": "ortografia revisada",
          "RIGIK": "RIGIK",
          "ROZAJ": "resiano",
          "RUMGR": "RUMGR",
          "SAAHO": "saho",
          "SCOTLAND": "inglês padrão escocês",
          "SCOUSE": "scouse",
          "SIMPLE": "SIMPLE",
          "SOLBA": "dialeto stolvizza/solbica",
          "SOTAV": "SOTAV",
          "SURMIRAN": "SURMIRAN",
          "SURSILV": "SURSILV",
          "SUTSILV": "SUTSILV",
          "TARASK": "ortografia taraskievica",
          "UCCOR": "ortografia unificada",
          "UCRCOR": "ortografia revisada e unificada",
          "ULSTER": "ULSTER",
          "UNIFON": "UNIFON",
          "VAIDIKA": "VAIDIKA",
          "VALENCIA": "valenciano",
          "VALLADER": "VALLADER",
          "WADEGILE": "romanização Wade-Giles"
        }
      }
    }
  }
}
